"doc_name","n_pages","creation_date","mod_date","is_outlier"
"100_DAY_PLAN_2014_CAR.pdf",19,2013-12-24 15:33:43,2013-12-24 15:33:43,FALSE
"2005_Sudan_Workplan.pdf",247,2004-11-25 10:52:44,2004-11-25 10:52:44,TRUE
"2006_AHI_ActionPlan.pdf",48,2006-11-27 10:30:01,2006-11-27 11:47:09,FALSE
"2006_Cluster_Appeal.pdf",55,2006-04-03 15:21:58,2006-04-03 15:31:56,FALSE
"2006_DRC_ActionPlan.pdf",71,2006-02-02 15:12:45,2006-02-02 15:16:16,FALSE
"2006_Gender_and_Cluster_Appeal.pdf",9,2006-10-05 07:32:59,2006-10-05 07:35:17,FALSE
"2006_Indonesia_Earthquake_RP.pdf",41,2006-06-09 11:14:44,2006-06-09 11:16:59,FALSE
"2006_Philippines_Typhoon.pdf",52,2006-12-15 11:57:27,2006-12-15 11:57:27,FALSE
"2006_Sudan_Workplan.pdf",552,2005-11-22 16:51:36,2005-11-23 10:30:51,TRUE
"2006_Tajikistan_Earthquake.pdf",9,2006-12-06 19:01:45,2006-12-06 19:01:45,FALSE
"2007_Cluster_Appeal.pdf",205,2007-04-30 17:01:41,2007-04-30 17:01:41,FALSE
"2007_DRC_ActionPlan_FR.pdf",1,2006-05-03 22:53:20,2006-05-03 22:54:18,FALSE
"2007_Haiti_Transitional_Appeal_FR.pdf",127,2006-12-14 18:02:19,2006-12-14 18:02:19,FALSE
"2007_JGDPA_Rwanda.pdf",30,2007-01-26 11:09:11,2007-02-12 18:31:28,FALSE
"2007_JGHPA_Ethiopia.pdf",27,2007-02-14 08:31:28,2007-02-14 11:32:55,FALSE
"2007_NCaucasusRF_WorkPlan.pdf",139,2006-12-08 06:14:17,2007-02-14 11:33:39,FALSE
"2007_Nepal_Common_Appeal.pdf",118,2007-02-23 19:14:42,2007-02-23 19:14:42,FALSE
"2007_Sudan_Workplan_VOL1.pdf",375,2006-12-18 13:45:47,2007-01-18 14:16:55,TRUE
"2007_UNCAPAHI_Review.pdf",47,2007-09-18 21:16:12,2007-09-18 21:16:12,FALSE
"2008_Afghanistan_JointAppeal.pdf",20,2008-01-28 16:51:42,2008-01-28 16:51:42,FALSE
"2008_Afghanistan_JointEmergencyAppeal.pdf",36,2008-07-09 03:21:13,2008-07-09 08:00:02,FALSE
"2008_DRC_ActionPlan_FR.pdf",169,2007-12-04 19:42:14,2007-12-04 19:42:14,FALSE
"2008_DroughtAppeal_Syria.pdf",37,2008-10-01 09:37:12,2008-10-01 09:37:12,FALSE
"2008_JointAppeal_Djibouti.pdf",33,2008-07-31 17:15:07,2008-07-31 17:15:07,FALSE
"2008_Kenya_EHRP.pdf",60,2008-01-18 10:14:50,2008-01-18 10:14:50,FALSE
"2008_Liberia_CHG.pdf",45,2008-03-13 10:57:56,2008-03-13 10:57:56,FALSE
"2008_Nepal_Common_Appeal_Supplement.pdf",48,2008-09-25 11:52:20,2008-09-25 11:52:20,FALSE
"2008_Nepal_Common_Appeal_VOL1.pdf",71,2007-12-31 15:41:44,2007-12-31 15:41:44,FALSE
"2008_Pakistan_HRP.pdf",56,2008-09-08 15:05:06,2008-09-08 15:05:06,FALSE
"2008_Southern_African_Region_PRP.pdf",111,2008-02-12 18:44:55,2008-02-12 18:44:55,FALSE
"2008_Sudan_Workplan_VOL1.pdf",449,2007-12-20 09:59:00,2008-02-27 01:30:47,TRUE
"2008_Tajikistan_HFSA.pdf",60,2008-09-25 18:33:47,2008-09-25 18:33:47,FALSE
"2008_TimorLeste_TSA.pdf",144,2008-04-30 16:44:34,2008-04-30 16:44:34,FALSE
"2008_Yemen_FloodsResponsePlan.pdf",36,2008-11-11 11:12:40,2008-11-11 11:12:40,FALSE
"2009_Afghanistan_HAP_SCREEN.pdf",76,2009-01-14 14:24:24,2009-01-14 14:27:45,FALSE
"2009_Angola_ResponsePlan_SCREEN.pdf",25,2009-12-11 18:45:20,2009-12-11 18:45:20,FALSE
"2009_CdIvoire_CHN_VOL1_SCREEN.pdf",41,2009-02-23 13:46:48,2009-02-23 13:46:48,FALSE
"2009_DRC_HAP_FR_VOL1_SCREEN.pdf",221,2008-11-24 17:56:13,2008-11-24 17:56:13,FALSE
"2009_Kenya_EHRP_VOL1_SCREEN.pdf",115,2008-11-19 14:29:59,2008-11-19 14:29:59,FALSE
"2009_Nepal_HTA_VOL1_SCREEN.pdf",92,2009-01-16 16:00:25,2009-01-16 16:00:50,FALSE
"2009_Sudan_Workplan_VOL1.pdf",352,2008-11-05 16:35:17,2008-11-10 09:15:03,TRUE
"2009_Syria_Drought_Response_Plan.pdf",46,2009-09-22 14:19:24,2009-09-22 14:51:01,FALSE
"2009_Tajikistan_React_Appeal.pdf",28,2009-06-03 17:03:31,2009-06-03 17:04:34,FALSE
"2009_Zimbabwe_Cholera_OP_Heath_and_WASH.pdf",39,2009-01-09 21:48:28,2009-01-09 21:48:28,FALSE
"2010_Afghanistan_HAP_SCREEN.pdf",91,2010-04-06 12:04:59,2010-04-06 12:06:14,FALSE
"2010_Guatemala_FoodInsecurity_SCREEN.pdf",31,2010-03-05 17:23:17,2010-03-05 17:34:55,FALSE
"2010_Iraq_HAP_SCREEN.pdf",52,2010-01-06 10:21:31,2010-01-06 10:21:31,FALSE
"2010_Iraq_RRP_SCREEN.pdf",99,2010-01-12 17:03:45,2010-01-12 17:03:45,FALSE
"2010_Kenya_EHRP_SCREEN.pdf",86,2009-11-20 12:14:10,2009-11-20 15:07:44,FALSE
"2010_Mongolia_DzudAppeal_SCREEN.pdf",55,2010-05-20 10:39:02,2010-05-20 10:44:49,FALSE
"2010_Nepal_HTA_SCREEN.pdf",107,2010-03-08 15:25:39,2010-03-08 15:25:39,FALSE
"2010_Pakistan_PHRP_SCREEN.pdf",111,2010-02-09 12:32:44,2010-02-09 12:33:15,FALSE
"2010_Sri_Lanka_CHAP.pdf",95,2010-02-15 11:52:27,2010-03-24 19:28:17,FALSE
"2010_Sudan_Workplan_SCREEN.pdf",213,2009-12-11 11:56:22,2009-12-11 11:58:07,FALSE
"2010_Syria_DroughtResponsePlan_SCREEN.pdf",26,2010-02-22 18:36:17,2010-02-22 18:37:18,FALSE
"2010_Yemen_HRP_SCREEN.pdf",78,2009-12-01 17:45:36,2009-12-01 17:46:43,FALSE
"2011_CdIvoire_EHAP_SCREEN.pdf",38,2011-01-15 10:26:14,2011-01-15 10:30:17,FALSE
"2011_Djibouti_Drought_SCREEN.pdf",34,2010-10-29 17:36:12,2010-10-29 17:46:38,FALSE
"2011_Iraq_RRP_SCREEN.pdf",110,2010-12-23 15:28:47,2010-12-23 15:28:47,FALSE
"2011_Kenya_EHRP.pdf",120,2010-11-29 14:22:04,2010-11-29 14:22:22,FALSE
"2011_Liberia_EHAP.pdf",34,2011-01-17 15:46:04,2011-01-17 15:46:04,FALSE
"2011_Mindanao_HAP_SCREEN.pdf",113,2011-06-21 17:18:41,2011-06-21 17:18:57,FALSE
"2011_SriLanka_JPfANP_SCREEN.pdf",72,2011-01-31 12:32:03,2011-02-01 17:49:05,FALSE
"2011_Sudan_Workplan_SCREEN.pdf",148,2010-12-03 09:17:57,2010-12-04 21:46:00,FALSE
"2011_Uganda_HP_SCREEN.pdf",32,2010-12-28 20:21:47,2010-12-28 20:21:47,FALSE
"2011_Yemen_HRP_SCREEN.pdf",96,2010-12-03 17:37:11,2010-12-03 17:38:18,FALSE
"2012_Cuba_PoA.pdf",35,2012-11-15 17:35:40,2012-11-15 17:35:40,FALSE
"2012_DRC_HAP_FR.pdf",158,2011-12-13 12:16:27,2011-12-13 12:16:27,FALSE
"2012_FSN_Sahel_Strategy_Paper_FR.pdf",38,2012-02-09 18:12:22,2012-02-09 18:12:22,FALSE
"2012_Iraq_RRP.pdf",130,2012-08-14 12:00:03,2012-08-14 12:02:35,FALSE
"2012_Kenya_EHRP.pdf",180,2011-12-12 11:52:21,2011-12-12 11:52:21,FALSE
"2012_MYR_SUDAN.pdf",114,2012-11-04 15:55:27,2012-11-05 18:45:26,FALSE
"2012_Philippines_HAP.pdf",125,2011-11-21 14:15:56,2011-12-13 12:12:05,FALSE
"2012_SriLanka_JPA.pdf",94,2012-04-05 13:59:38,2012-04-05 13:59:38,FALSE
"2012_Sudan_Workplan.pdf",132,2011-12-05 23:50:35,2011-12-06 00:08:49,FALSE
"2012_Yemen_HRP.pdf",133,2011-12-16 11:18:16,2011-12-16 12:56:26,FALSE
"2013_Afghanistan_CHAP.pdf",122,2012-12-24 10:17:53,2012-12-24 10:17:53,FALSE
"2013_DRC_HAP_FR.pdf",156,2012-12-13 11:41:24,2012-12-13 11:41:24,FALSE
"2013_Haiti_HAP.pdf",52,2012-12-18 15:55:12,2012-12-18 15:55:12,FALSE
"2013_Kenya_EHRP.pdf",144,2012-12-13 18:45:54,2012-12-13 18:45:54,FALSE
"2013_Philippines_Bohol_Earthquake_Action_Plan.pdf",15,2013-10-28 08:04:05,2013-10-28 08:04:05,FALSE
"2013_Philippines_HAP.pdf",109,2012-11-22 11:30:28,2012-11-22 11:30:28,FALSE
"2013_Philippines_Typhoon_Haiyan_Action_Plan.pdf",25,2013-11-25 14:57:45,2013-11-25 14:58:00,FALSE
"2013_Sahel_Regional_Strategy.pdf",42,2012-12-20 15:56:06,2013-02-04 14:37:46,FALSE
"2013_Sudan_Workplan.pdf",132,2013-02-04 09:25:24,2013-02-04 09:25:24,FALSE
"2013_Syria_HARP.pdf",51,2012-12-20 12:32:36,2012-12-20 12:32:36,FALSE
"2013_Syria_RRP.pdf",114,2012-12-18 16:23:03,2012-12-18 16:53:01,FALSE
"2013_Yemen_HRP.pdf",142,2012-12-18 14:29:36,2012-12-18 15:03:14,FALSE
"2013_Zimbabwe_Humanitarian_Gaps.pdf",67,2012-11-23 17:32:44,2012-11-23 17:32:44,FALSE
"2014_South_Sudan_Crisis_RP.pdf",13,2013-12-31 22:04:56,2013-12-31 22:04:56,FALSE
"2014_Syria_SHARP.pdf",132,2014-01-02 20:04:12,2014-01-02 20:04:12,FALSE
"Afghanistan_2012_MYR.pdf",125,2012-07-20 15:44:18,2012-07-20 15:44:18,FALSE
"CAP_2005_CdIvoire_ADDENDUM.pdf",5,2004-12-17 18:46:35,2004-12-17 18:46:35,FALSE
"CAP_2005_Chad_ENG.pdf",62,2004-12-13 17:42:27,2004-12-13 17:42:27,FALSE
"CAP_2005_Chad_FR.pdf",70,2004-10-25 10:51:24,2004-10-25 10:51:24,FALSE
"CAP_2005-2006_Nepal.pdf",63,2005-10-04 10:08:14,2005-10-04 10:10:00,FALSE
"CAP_2006_Burundi.pdf",80,2005-11-03 12:50:41,2005-11-03 12:50:41,FALSE
"CAP_2006_CAR_FR.pdf",47,2005-11-08 15:44:38,2005-11-08 15:44:38,FALSE
"CAP_2006_CdIvoire.pdf",77,2005-10-31 18:21:36,2005-10-31 18:21:36,FALSE
"CAP_2006_Chad_ENG.pdf",84,2005-12-01 19:13:35,2005-12-01 19:16:28,FALSE
"CAP_2006_Ethiopia.pdf",34,2006-01-20 11:44:53,2006-02-27 13:35:01,FALSE
"CAP_2006_GLR.pdf",81,2005-10-28 12:59:22,2005-10-28 12:59:22,FALSE
"CAP_2006_Guinea.pdf",57,2005-11-03 17:03:32,2005-11-03 17:03:32,FALSE
"CAP_2006_HornOfAfrica.pdf",47,2006-05-24 17:51:38,2006-05-24 17:53:14,FALSE
"CAP_2006_Humanitarian_Appeal.pdf",75,2005-11-30 11:15:15,2005-11-30 11:15:15,FALSE
"CAP_2006_Liberia.pdf",72,2005-11-09 09:40:04,2005-11-09 09:40:04,FALSE
"CAP_2006_oPt.pdf",125,2005-11-14 10:08:06,2005-11-14 10:08:06,FALSE
"CAP_2006_RoC_FR.pdf",51,2005-10-28 17:21:53,2005-10-28 17:21:53,FALSE
"CAP_2006_Somalia.pdf",92,2005-11-07 08:59:16,2005-11-07 08:59:16,FALSE
"CAP_2006_Uganda.pdf",85,2005-11-01 14:25:52,2005-11-01 14:25:52,FALSE
"CAP_2006_WestAfrica.pdf",71,2005-11-02 11:02:14,2005-11-02 11:02:14,FALSE
"CAP_2006_Zimbabwe.pdf",73,2006-04-19 21:29:57,2006-04-19 21:29:57,FALSE
"CAP_2007_Burundi_VOL1.pdf",62,2006-11-09 15:36:48,2006-11-09 15:37:26,FALSE
"CAP_2007_CAR.pdf",93,2006-11-16 19:19:46,2006-11-16 19:19:46,FALSE
"CAP_2007_Chad_VOL1.pdf",80,2006-11-17 17:44:37,2006-11-17 17:47:51,FALSE
"CAP_2007_GLR.pdf",77,2006-11-13 12:17:24,2006-11-13 12:18:49,FALSE
"CAP_2007_oPt_VOL1.pdf",105,2006-11-15 13:36:07,2006-11-15 13:36:39,FALSE
"CAP_2007_RoC_FR_VOL1.pdf",49,2006-11-07 14:28:34,2006-11-07 14:28:34,FALSE
"CAP_2007_Somalia_VOL1.pdf",121,2006-11-21 11:15:04,2006-11-21 11:20:12,FALSE
"CAP_2007_Timor-Leste.pdf",120,2007-01-16 11:27:45,2007-01-16 11:27:45,FALSE
"CAP_2007_Uganda_VOL1.pdf",107,2006-11-17 14:27:19,2006-11-17 14:35:09,FALSE
"CAP_2007_WestAfrica_VOL1.pdf",70,2006-11-17 14:33:33,2006-11-17 14:33:33,FALSE
"CAP_2007_Zimbabwe_VOL1.pdf",114,2006-11-16 14:41:37,2006-11-16 14:41:37,FALSE
"CAP_2008_CAR_VOL1.pdf",119,2007-11-28 12:00:15,2007-11-28 12:00:15,FALSE
"CAP_2008_CdIvoire.pdf",95,2008-06-11 14:50:48,2008-06-11 14:50:48,FALSE
"CAP_2008_Chad_FR_VOL1.pdf",148,2007-12-04 16:31:06,2007-12-04 16:31:06,FALSE
"CAP_2008_Iraq_VOL1.pdf",79,2008-02-07 10:17:20,2008-02-07 10:17:20,FALSE
"CAP_2008_oPt_VOL1.pdf",124,2007-11-28 17:36:29,2007-11-28 17:36:29,FALSE
"CAP_2008_Somalia_VOL1.pdf",134,2007-11-23 15:52:03,2007-11-23 15:52:03,FALSE
"CAP_2008_Uganda_VOL1.pdf",157,2007-11-26 15:23:56,2007-11-26 15:23:56,FALSE
"CAP_2008_WestAfrica_VOL1.pdf",81,2007-12-12 11:17:30,2007-12-12 11:17:30,FALSE
"CAP_2008_Zimbabwe_VOL1.pdf",109,2007-11-21 15:19:18,2007-11-21 15:19:18,FALSE
"CAP_2009_CAR_VOL1_SCREEN.pdf",117,2008-11-21 11:52:54,2008-11-21 12:12:06,FALSE
"CAP_2009_Chad_VOL1_SCREEN.pdf",120,2009-03-03 23:10:45,2009-03-03 23:10:45,FALSE
"CAP_2009_Iraq_VOL1.pdf",189,2008-12-01 17:22:33,2008-12-01 17:22:33,FALSE
"CAP_2009_oPt_VOL1_SCREEN.pdf",101,2008-11-13 21:31:59,2008-11-13 21:31:59,FALSE
"CAP_2009_Somalia_VOL1.pdf",122,2008-12-12 15:24:24,2008-12-12 15:24:24,FALSE
"CAP_2009_Uganda.pdf",123,2008-11-14 16:24:33,2008-11-14 16:24:33,FALSE
"CAP_2009_WestAfrica_VOL1.pdf",82,2008-11-21 18:00:32,2008-11-21 18:00:32,FALSE
"CAP_2009_Zimbabwe_VOL1.pdf",100,2012-08-16 11:58:29,2012-08-16 11:58:29,FALSE
"CAP_2010_CAR_SCREEN.pdf",89,2009-12-02 14:43:54,2009-12-02 14:50:12,FALSE
"CAP_2010_Chad_FR_SCREEN.pdf",35,2010-02-02 11:01:32,2010-02-02 11:01:32,FALSE
"CAP_2010_oPt_SCREEN.pdf",108,2009-11-25 15:24:50,2009-12-04 17:23:16,FALSE
"CAP_2010_RoC_SCREEN.pdf",40,2010-03-07 17:25:00,2010-03-18 15:28:02,FALSE
"CAP_2010_Somalia_SCREEN.pdf",101,2009-12-14 12:05:54,2009-12-21 14:57:11,FALSE
"CAP_2010_Uganda_SCREEN.pdf",85,2009-11-17 14:21:35,2009-11-17 14:21:35,FALSE
"CAP_2010_WestAfrica_SCREEN.pdf",79,2009-11-25 11:52:41,2009-11-25 11:52:41,FALSE
"CAP_2010_Zimbabwe_SCREEN.pdf",114,2009-11-17 16:34:29,2009-11-17 16:36:32,FALSE
"CAP_2011_Afghanistan_Emergency_Revision_SCREEN.pdf",65,2011-09-30 17:23:36,2011-09-30 17:23:36,FALSE
"CAP_2011_Afghanistan_SCREEN.pdf",98,2010-12-02 16:29:59,2010-12-02 16:29:59,FALSE
"CAP_2011_CAR_SCREEN.pdf",97,2010-11-30 16:29:32,2010-11-30 16:29:32,FALSE
"CAP_2011_Haiti_SCREEN.pdf",172,2010-12-16 15:54:03,2010-12-16 16:05:39,FALSE
"CAP_2011_Humanitarian_Appeal_SCREEN.pdf",72,2010-11-18 15:09:35,2011-02-22 10:58:03,FALSE
"CAP_2011_Niger_FR_SCREEN.pdf",81,2010-12-20 11:53:02,2010-12-20 11:53:02,FALSE
"CAP_2011_oPt_SCREEN.pdf",104,2010-12-13 11:39:25,2010-12-13 11:39:56,FALSE
"CAP_2011_Somalia_SCREEN.pdf",124,2010-11-29 15:31:26,2010-11-29 15:35:06,FALSE
"CAP_2011_WestAfrica_SCREEN.pdf",117,2010-11-26 10:27:49,2010-11-26 10:27:49,FALSE
"CAP_2011_Zimbabwe_SCREEN.pdf",127,2010-11-29 13:26:46,2010-11-29 13:26:46,FALSE
"CAP_2012_Afghanistan.pdf",197,2011-12-15 17:14:28,2011-12-15 17:14:28,FALSE
"CAP_2012_Burkina_Faso.pdf",58,2012-05-16 14:39:36,2012-05-16 14:39:36,FALSE
"CAP_2012_CAR.pdf",118,2011-12-20 16:55:05,2011-12-20 18:04:00,FALSE
"CAP_2012_CDI_Eng.pdf",121,2012-01-27 20:02:32,2012-01-27 20:02:32,FALSE
"CAP_2012_CDI.pdf",127,2011-12-19 11:25:14,2011-12-19 11:25:14,FALSE
"CAP_2012_Chad.pdf",128,2011-12-07 10:53:25,2011-12-07 10:58:13,FALSE
"CAP_2012_Djibouti.pdf",68,2011-12-12 10:37:17,2011-12-12 10:37:17,FALSE
"CAP_2012_Haiti.pdf",172,2011-11-21 17:54:37,2011-11-21 17:54:37,FALSE
"CAP_2012_Liberia.pdf",108,2012-01-24 17:21:05,2012-01-24 17:22:02,FALSE
"CAP_2012_Mali.pdf",132,2012-06-14 19:19:08,2012-06-14 19:19:08,FALSE
"CAP_2012_Mauritania.pdf",90,2012-05-29 11:41:39,2012-05-29 11:41:39,FALSE
"CAP_2012_Niger_FR.pdf",107,2011-12-20 16:21:59,2011-12-20 17:15:42,FALSE
"CAP_2012_oPt.pdf",144,2011-12-20 13:52:20,2011-12-20 14:01:00,FALSE
"CAP_2012_Overview_of_2012_CA.pdf",82,2011-12-02 13:56:22,2012-07-04 16:58:29,FALSE
"CAP_2012_Somalia.pdf",160,2011-12-14 16:13:28,2011-12-14 16:15:48,FALSE
"CAP_2012_South_Sudan.pdf",164,2011-12-19 16:50:40,2011-12-20 09:57:49,FALSE
"CAP_2012_Zimbabwe.pdf",150,2011-11-29 21:56:37,2011-11-30 11:31:22,FALSE
"CAP_2013_Burkina_Faso.pdf",88,2012-12-18 16:43:46,2012-12-18 16:43:46,FALSE
"CAP_2013_CAR.pdf",110,2012-12-10 19:11:24,2012-12-10 19:11:24,FALSE
"CAP_2013_Chad.pdf",119,2012-12-10 15:14:59,2012-12-10 15:14:59,FALSE
"CAP_2013_Djibouti.pdf",78,2013-01-07 16:49:19,2013-01-07 16:49:19,FALSE
"CAP_2013_Mali.pdf",127,2013-04-23 14:15:11,2013-04-23 14:15:11,FALSE
"CAP_2013_Mauritania.pdf",112,2012-12-27 10:20:52,2012-12-27 10:20:52,FALSE
"CAP_2013_Niger_FR.pdf",108,2013-01-03 16:16:06,2013-01-03 16:16:06,FALSE
"CAP_2013_oPt.pdf",133,2013-01-07 10:28:00,2013-01-07 10:28:00,FALSE
"CAP_2013_Overview_of_2013_CA.pdf",83,2012-12-18 17:31:49,2012-12-18 17:31:49,FALSE
"CAP_2013_Somalia.pdf",141,2012-12-06 17:52:34,2012-12-06 17:52:34,FALSE
"CAP_2013_South_Sudan.pdf",106,2012-11-17 19:34:46,2012-11-20 12:23:06,FALSE
"CAP_2014-2016_South_Sudan.pdf",135,2013-11-13 08:54:35,2013-11-13 15:10:16,FALSE
"CAR 2012 MYR.pdf",104,2012-07-09 14:39:07,2012-07-09 14:39:07,FALSE
"Chad CAP 2011.pdf",112,2010-12-16 14:14:41,2010-12-16 14:14:41,FALSE
"CHAP_2006_Sri_Lanka.pdf",97,2006-10-10 18:28:57,2006-10-10 18:28:57,FALSE
"CHAP_2007_Liberia.pdf",121,2007-02-12 17:32:29,2007-02-12 17:32:29,FALSE
"CHAP_2007_Sri_Lanka.pdf",141,2007-01-26 16:30:24,2007-01-26 16:30:24,FALSE
"CHAP_2008_Sri_Lanka_VOL1.pdf",118,2008-02-27 17:26:10,2008-02-27 17:26:10,FALSE
"CHAP_2009_Sri_Lanka.pdf",104,2009-03-03 22:58:15,2009-03-03 22:58:15,FALSE
"CRP_2014_South_Sudan_Update_May_2014.pdf",16,2014-05-16 08:03:00,2014-05-16 08:03:21,FALSE
"Djibouti_2012_MYR.pdf",52,2012-07-17 14:38:37,2012-07-17 14:38:37,FALSE
"Drought_2006_Afghanistan.pdf",26,2006-07-24 15:54:52,2006-07-24 15:56:15,FALSE
"Emergency_Revision_2012_Philippines_HAP.pdf",42,2011-12-27 10:29:36,2011-12-27 10:29:36,FALSE
"Emergency_Revision_Jan_2012_Philippines_HAP.pdf",92,2012-02-02 14:12:23,2012-02-02 14:12:23,FALSE
"ER_2011_Somalia_SCREEN.pdf",61,2011-08-11 18:15:20,2011-08-11 18:15:20,FALSE
"EYR_2011_Somalia.pdf",18,2012-10-24 11:20:30,2012-10-24 11:20:30,FALSE
"Flash_2005_Angola.pdf",16,2005-04-12 19:17:13,2005-04-12 19:17:13,FALSE
"Flash_2005_Benin_FR.pdf",20,2005-05-13 20:17:48,2005-05-13 20:17:48,FALSE
"Flash_2005_Djibouti.pdf",17,2005-04-27 14:41:52,2005-04-27 14:56:05,FALSE
"Flash_2005_Guatemala.pdf",32,2005-10-14 15:45:54,2005-10-14 15:47:17,FALSE
"Flash_2005_Guyana.pdf",20,2005-02-07 17:12:06,2005-02-07 17:12:06,FALSE
"Flash_2005_IndianOceanTsunami.pdf",96,2005-02-17 13:52:20,2005-02-17 13:52:20,FALSE
"Flash_2005_Malawi.pdf",23,2005-08-30 10:49:50,2005-08-30 10:49:50,FALSE
"Flash_2005_Niger.pdf",19,2005-05-23 11:48:25,2005-05-23 11:49:35,FALSE
"Flash_2005_SouthAsia.pdf",32,2005-10-18 10:15:15,2005-10-18 10:16:35,FALSE
"Flash_2005_West_and_Central_Africa.pdf",38,2005-11-14 16:26:31,2005-11-14 16:26:31,FALSE
"Flash_2006_GuineaBissau.pdf",28,2006-05-19 13:41:24,2006-05-19 13:43:31,FALSE
"Flash_2006_Kenya.pdf",23,2006-10-17 13:15:47,2006-10-17 13:19:12,FALSE
"Flash_2006_LebanonCrisis.pdf",49,2006-07-28 18:26:19,2006-07-28 19:29:43,FALSE
"Flash_2006_TimorLeste_v1.1.pdf",36,2006-06-23 13:29:14,2006-06-23 13:29:59,FALSE
"Flash_2007_BurkinaFaso.pdf",32,2007-10-30 14:21:24,2007-10-30 14:21:24,FALSE
"Flash_2007_DominicanRepublic.pdf",38,2007-11-06 20:02:14,2007-11-06 20:02:14,FALSE
"Flash_2007_Dprkorea.pdf",29,2007-08-27 23:27:49,2007-08-27 23:27:49,FALSE
"Flash_2007_Ghana.pdf",38,2007-10-04 18:32:41,2007-10-04 18:32:41,FALSE
"Flash_2007_Lesotho.pdf",37,2007-07-28 18:10:16,2007-07-28 18:10:16,FALSE
"Flash_2007_Madagascar.pdf",28,2007-03-15 17:31:33,2007-03-15 17:31:33,FALSE
"Flash_2007_Mozambique.pdf",46,2007-03-21 15:42:42,2007-03-21 15:42:42,FALSE
"Flash_2007_Nicaragua.pdf",38,2007-09-14 16:41:03,2007-09-14 16:41:03,FALSE
"Flash_2007_Pakistan.pdf",52,2007-07-23 12:47:06,2007-07-23 12:47:06,FALSE
"Flash_2007_Peru.pdf",50,2007-09-11 17:40:53,2007-09-11 17:56:35,FALSE
"FLASH_2007_Sudan.pdf",50,2007-08-27 17:45:49,2007-08-28 17:56:49,FALSE
"Flash_2007_Swaziland.pdf",29,2007-07-20 20:06:12,2007-07-23 13:04:09,FALSE
"Flash_2007_Uganda.pdf",38,2007-09-24 14:47:02,2007-09-24 14:47:02,FALSE
"Flash_2007_Zambia.pdf",33,2007-03-27 16:22:24,2007-03-27 16:22:24,FALSE
"Flash_2008_Bolivia.pdf",38,2008-02-21 16:29:29,2008-02-21 16:29:29,FALSE
"Flash_2008_Haiti.pdf",48,2008-09-10 19:34:45,2008-09-10 19:34:45,FALSE
"Flash_2008_Honduras.pdf",44,2008-10-30 14:40:00,2008-10-30 14:40:00,FALSE
"Flash_2008_Kyrgyzstan_SCREEN.pdf",41,2008-11-28 18:58:25,2008-11-28 18:58:25,FALSE
"Flash_2008_Madagascar.pdf",35,2008-03-01 19:45:25,2008-03-01 19:45:25,FALSE
"Flash_2008_Myanmar.pdf",58,2008-05-15 10:08:08,2008-05-15 10:08:08,FALSE
"Flash_2008_Tajikistan.pdf",41,2008-03-14 15:12:01,2008-03-14 15:12:01,FALSE
"Flash_2009_BurkinaFaso_SCREEN.pdf",35,2009-09-29 15:33:44,2009-09-29 15:33:44,FALSE
"Flash_2009_El_Salvador.pdf",49,2009-11-18 17:57:11,2009-11-18 17:57:11,FALSE
"Flash_2009_Lao_PDR_SCREEN.pdf",37,2009-10-26 11:33:12,2009-10-26 11:33:12,FALSE
"Flash_2009_Namibia_SCREEN.pdf",32,2009-03-31 15:38:55,2009-03-31 15:38:55,FALSE
"Flash_2009_oPt_Gaza_SCREEN.pdf",126,2009-02-12 21:58:41,2009-02-12 22:42:31,FALSE
"Flash_2009_Philippines_SCREEN.pdf",61,2009-10-03 16:53:28,2009-10-03 16:53:28,FALSE
"Flash_2009_Yemen.pdf",37,2009-09-02 18:27:04,2009-09-02 18:27:04,FALSE
"Flash_2010_Guatemala_SCREEN.pdf",40,2010-06-15 16:32:49,2010-06-15 16:36:11,FALSE
"Flash_2010_Haiti_SCREEN.pdf",92,2010-01-16 21:00:29,2010-01-16 21:00:29,FALSE
"Flash_2010_Kyrgyzstan_SCREEN.pdf",55,2010-06-22 10:32:12,2010-06-22 10:32:31,FALSE
"Flash_2011_El_Salvador_SCREEN.pdf",49,2011-11-03 17:42:26,2011-11-03 17:45:59,FALSE
"Flash_2011_Libyan_Crisis_SCREEN.pdf",71,2011-03-06 16:04:41,2011-03-15 18:56:36,FALSE
"Flash_2011_Namibia_SCREEN.pdf",36,2011-04-14 11:13:58,2011-04-14 11:14:11,FALSE
"Flash_2011_Nicaragua_SCREEN.pdf",41,2011-10-27 20:59:10,2011-10-27 20:59:10,FALSE
"Flash_2011_Pakistan_Floods_SCREEN.pdf",51,2011-09-19 07:53:17,2011-09-19 07:53:17,FALSE
"Flash_2011_Sri_Lanka_SCREEN.pdf",57,2011-01-18 21:34:29,2011-01-18 21:35:02,FALSE
"Flash_2012_Lesotho.pdf",48,2012-11-01 18:24:15,2012-11-01 18:24:15,FALSE
"HAP_2010_DRC_FR_SCREEN.pdf",263,2009-11-20 17:02:05,2009-11-20 17:02:05,TRUE
"HAP_2011_DRC_FR_SCREEN.pdf",151,2010-12-14 11:39:31,2010-12-14 11:39:31,FALSE
"HAP_2014_Haiti_FR.pdf",82,2014-01-15 14:04:44,2014-01-15 14:05:15,FALSE
"HAP_2014_Haiti.pdf",79,2013-12-16 15:57:10,2013-12-16 15:57:28,FALSE
"HRD_2011_Horn_of_Africa_SCREEN.pdf",52,2011-08-09 16:08:41,2011-08-09 16:08:41,FALSE
"HRP_2014_Yemen.pdf",108,2014-02-17 14:40:54,2014-02-17 14:41:24,FALSE
"Liberia_MYR_2012.pdf",62,2012-08-06 13:17:10,2012-08-06 13:17:10,FALSE
"MTR_2005_IndianOceanTsunami.pdf",152,2005-09-27 16:18:36,2005-09-27 16:18:36,FALSE
"MYR_2005_Burundi.pdf",44,2005-06-23 14:33:37,2005-06-23 14:33:37,FALSE
"MYR_2005_CAR_FR.pdf",31,2005-06-22 19:07:40,2005-06-22 19:07:40,FALSE
"MYR_2005_CdIvoire.pdf",40,2005-06-22 15:55:54,2005-06-22 15:55:54,FALSE
"MYR_2005_Chad_ENG.pdf",25,2005-06-23 13:56:32,2005-06-23 13:56:32,FALSE
"MYR_2005_Chad_FR.pdf",15,2005-09-18 21:55:43,2005-09-18 21:56:53,FALSE
"MYR_2005_Chechnya.pdf",42,2005-06-21 12:13:12,2005-06-21 12:13:12,FALSE
"MYR_2005_DRC_FR.pdf",34,2005-07-15 17:35:34,2005-07-15 17:35:34,FALSE
"MYR_2005_Eritrea.pdf",25,2005-06-17 16:45:40,2005-06-17 16:45:40,FALSE
"MYR_2005_GLR.pdf",23,2005-06-24 15:19:02,2005-06-24 15:19:02,FALSE
"MYR_2005_Guinea.pdf",30,2005-06-22 17:29:31,2005-06-22 17:29:31,FALSE
"MYR_2005_Humanitarian_Appeal.pdf",63,2005-06-27 14:39:35,2005-06-27 14:39:35,FALSE
"MYR_2005_oPt.pdf",32,2005-06-21 16:35:16,2005-06-21 16:35:16,FALSE
"MYR_2005_RoC.pdf",34,2005-06-21 10:43:55,2005-06-21 10:43:55,FALSE
"MYR_2005_Somalia.pdf",48,2005-07-08 17:30:58,2005-07-08 17:34:36,FALSE
"MYR_2005_Uganda.pdf",55,2005-06-23 10:36:46,2005-06-23 10:36:46,FALSE
"MYR_2005_WestAfrica.pdf",29,2005-06-21 14:38:02,2005-06-21 14:38:02,FALSE
"MYR_2005-2006_Nepal.pdf",75,2006-06-29 14:55:40,2006-06-29 14:55:40,FALSE
"MYR_2006_Burundi.pdf",54,2006-07-06 16:59:59,2006-07-06 16:59:59,FALSE
"MYR_2006_CAR_FR.pdf",42,2006-07-05 15:58:15,2006-07-05 15:58:15,FALSE
"MYR_2006_CdIvoire.pdf",44,2006-07-04 10:20:13,2006-07-04 10:20:13,FALSE
"MYR_2006_Chad.pdf",44,2006-07-04 10:57:14,2006-07-04 10:57:14,FALSE
"MYR_2006_DRC_ActionPlan.pdf",20,2006-07-21 17:37:01,2006-07-21 17:37:01,FALSE
"MYR_2006_Ethiopia.pdf",25,2006-07-20 10:30:37,2006-07-20 10:30:37,FALSE
"MYR_2006_GLR.pdf",38,2006-06-29 21:30:29,2006-06-29 21:30:29,FALSE
"MYR_2006_Guinea.pdf",44,2006-07-04 15:36:58,2006-07-04 15:36:58,FALSE
"MYR_2006_Humanitarian_Appeal.pdf",79,2006-07-20 14:40:29,2006-07-20 14:40:29,FALSE
"MYR_2006_Liberia.pdf",110,2006-07-07 20:17:54,2006-07-08 15:59:05,FALSE
"MYR_2006_RoC_FR_SCREEN.pdf",28,2006-07-04 14:14:37,2006-07-04 14:14:37,FALSE
"MYR_2006_Sudan_Workplan.pdf",94,2006-10-05 11:10:47,2006-10-05 11:10:47,FALSE
"MYR_2006_WestAfrica.pdf",48,2006-07-04 10:09:30,2006-07-04 10:10:23,FALSE
"MYR_2006_Zimbabwe.pdf",41,2006-07-04 14:17:09,2006-07-04 14:17:09,FALSE
"MYR_2007_Burundi.pdf",44,2007-06-29 10:59:16,2007-06-29 10:59:16,FALSE
"MYR_2007_CAR.pdf",63,2007-07-05 10:55:32,2007-07-05 10:55:32,FALSE
"MYR_2007_CdIvoire.pdf",56,2007-06-28 14:32:39,2007-06-28 14:32:39,FALSE
"MYR_2007_Chad.pdf",70,2007-07-05 15:57:34,2007-07-05 15:57:34,FALSE
"MYR_2007_GLR.pdf",49,2007-06-25 10:54:21,2007-06-25 10:54:21,FALSE
"MYR_2007_Liberia_CHAP.pdf",68,2007-09-03 11:57:12,2007-09-03 11:57:12,FALSE
"MYR_2007_Nepal_Common_Appeal.pdf",55,2007-07-04 10:35:48,2007-07-04 10:35:48,FALSE
"MYR_2007_oPt.pdf",90,2007-07-03 14:15:48,2007-07-03 14:15:48,FALSE
"MYR_2007_RoC_FR.pdf",36,2007-07-13 17:34:34,2007-07-13 17:34:34,FALSE
"MYR_2007_Sri_Lanka_CHAP.pdf",110,2007-09-17 11:17:19,2007-09-17 11:17:19,FALSE
"MYR_2007_Timor-Leste.pdf",118,2007-07-13 17:30:23,2007-07-13 17:30:23,FALSE
"MYR_2007_Uganda.pdf",52,2007-06-28 13:52:17,2007-06-28 13:52:17,FALSE
"MYR_2007_WestAfrica.pdf",76,2007-07-04 18:36:34,2007-07-04 18:36:34,FALSE
"MYR_2007_Zimbabwe.pdf",58,2007-09-19 19:31:37,2007-09-19 19:36:46,FALSE
"MYR_2008_CAR.pdf",83,2008-06-26 19:26:50,2008-06-26 11:34:47,FALSE
"MYR_2008_CdIvoire.pdf",42,2008-08-15 10:37:21,2008-08-15 11:02:37,FALSE
"MYR_2008_Chad.pdf",67,2008-08-15 10:35:02,2008-08-15 11:00:26,FALSE
"MYR_2008_DRC_ActionPlan.pdf",59,2008-07-02 16:16:17,2008-07-02 16:16:17,FALSE
"MYR_2008_Iraq.pdf",33,2008-07-01 19:26:04,2008-07-01 19:26:04,FALSE
"MYR_2008_Nepal_Common_Appeal.pdf",64,2008-07-01 09:14:55,2008-07-01 09:14:55,FALSE
"MYR_2008_oPt.pdf",90,2008-07-22 21:30:21,2008-07-22 21:30:21,FALSE
"MYR_2008_Somalia.pdf",58,2008-07-03 08:50:18,2008-07-03 10:32:23,FALSE
"MYR_2008_Sri_Lanka_CHAP.pdf",69,2008-07-15 16:34:51,2008-07-15 16:38:34,FALSE
"MYR_2008_Sudan_WorkPlan.pdf",34,2008-07-16 15:03:13,2008-07-16 15:03:13,FALSE
"MYR_2008_Uganda.pdf",61,2008-06-24 16:33:56,2008-06-24 16:33:56,FALSE
"MYR_2008_WestAfrica.pdf",104,2008-08-15 10:39:22,2008-08-15 10:57:07,FALSE
"MYR_2008_Zimbabwe.pdf",56,2008-06-24 10:30:11,2008-06-24 10:30:11,FALSE
"MYR_2009_Afghanistan_HAP_SCREEN.pdf",44,2009-07-06 17:28:03,2009-07-06 17:28:27,FALSE
"MYR_2009_CAR_SCREEN.pdf",56,2009-07-13 19:47:04,2009-07-13 19:47:04,FALSE
"MYR_2009_CdIvoire_CHN_SCREEN.pdf",28,2009-07-06 18:27:04,2009-07-06 18:28:16,FALSE
"MYR_2009_Chad_SCREEN.pdf",64,2009-07-14 08:57:10,2009-07-14 08:57:10,FALSE
"MYR_2009_DRC_HAP_FR_SCREEN.pdf",98,2009-07-10 11:33:59,2009-07-10 11:35:03,FALSE
"MYR_2009_Iraq.pdf",85,2009-07-10 19:09:14,2009-07-13 12:10:29,FALSE
"MYR_2009_Kenya_EHRP_SCREEN.pdf",33,2009-07-22 07:47:12,2009-07-22 07:47:12,FALSE
"MYR_2009_Nepal_HTA_SCREEN.pdf",49,2009-07-12 20:47:05,2009-07-12 20:47:05,FALSE
"MYR_2009_oPt_SCREEN.pdf",76,2009-07-01 16:23:09,2009-12-07 14:45:16,FALSE
"MYR_2009_Somalia.pdf",73,2009-07-10 19:39:35,2009-07-10 19:40:28,FALSE
"MYR_2009_Sri_Lanka_CHAP.pdf",62,2009-07-14 17:42:48,2009-07-14 17:43:01,FALSE
"MYR_2009_Sudan_WorkPlan.pdf",124,2009-07-16 00:26:05,2009-07-16 00:26:05,FALSE
"MYR_2009_Tajikistan_HFSA.pdf",30,2009-07-13 19:53:46,2009-07-13 19:53:46,FALSE
"MYR_2009_Uganda.pdf",46,2009-07-06 15:47:09,2009-07-06 15:47:28,FALSE
"MYR_2009_WestAfrica.pdf",54,2009-07-07 13:13:38,2009-07-07 13:14:12,FALSE
"MYR_2010_Afghanistan_HAP_SCREEN.pdf",55,2010-07-08 15:02:55,2010-07-08 15:02:55,FALSE
"MYR_2010_CAR_SCREEN.pdf",54,2010-07-07 10:04:36,2010-07-07 10:06:36,FALSE
"myr_2010_Chad.pdf",56,2010-07-30 10:19:59,2010-07-30 10:20:26,FALSE
"MYR_2010_DRC_HAP_FR_SCREEN.pdf",83,2010-07-01 10:56:58,2010-07-01 10:57:36,FALSE
"MYR_2010_Haiti_FA_SCREEN.pdf",173,2010-07-23 12:28:23,2010-07-23 12:30:48,FALSE
"MYR_2010_Iraq_HAP_SCREEN.pdf",42,2010-07-19 11:39:12,2010-07-19 11:39:28,FALSE
"MYR_2010_Iraq_RRP_SCREEN.pdf",113,2010-07-16 16:52:12,2010-07-16 16:52:29,FALSE
"MYR_2010_Kenya_EHRP_SCREEN.pdf",66,2010-07-05 17:30:20,2010-07-05 17:30:54,FALSE
"MYR_2010_Nepal_HTA_SCREEN.pdf",48,2010-07-09 17:04:42,2010-07-09 17:07:14,FALSE
"MYR_2010_oPt_SCREEN.pdf",74,2010-06-29 16:44:14,2010-06-29 16:44:52,FALSE
"MYR_2010_Pakistan.pdf",69,2010-07-28 15:09:00,2010-07-28 15:09:29,FALSE
"MYR_2010_RoC_SCREEN.pdf",30,2010-06-25 11:29:24,2010-06-25 11:31:13,FALSE
"MYR_2010_Somalia_SCREEN.pdf",77,2010-07-09 16:25:11,2010-07-09 16:27:03,FALSE
"MYR_2010_Sri_Lanka_CHAP_SCREEN.pdf",66,2010-07-23 10:20:53,2010-07-23 10:21:12,FALSE
"MYR_2010_Sudan_Workplan_SCREEN.pdf",91,2010-06-29 18:04:48,2010-06-29 18:05:14,FALSE
"MYR_2010_Uganda_SCREEN.pdf",51,2010-07-08 09:59:52,2010-07-08 10:03:10,FALSE
"MYR_2010_WestAfrica_SCREEN.pdf",80,2010-07-13 15:28:02,2010-07-13 15:28:41,FALSE
"MYR_2010_Yemen_HRP_SCREEN.pdf",58,2010-07-12 17:33:24,2010-07-12 17:34:09,FALSE
"MYR_2010_Zimbabwe_SCREEN.pdf",53,2010-07-15 14:35:23,2010-07-15 14:35:48,FALSE
"MYR_2011_Afghanistan_SCREEN.pdf",95,2011-07-21 18:43:26,2011-07-21 18:43:53,FALSE
"MYR_2011_CAR_SCREEN.pdf",77,2011-07-15 18:10:32,2011-07-15 18:10:32,FALSE
"MYR_2011_DRC_HAP_FR_SCREEN.pdf",116,2011-07-20 20:00:30,2011-07-20 20:02:11,FALSE
"MYR_2011_Haiti_FR_SCREEN.pdf",144,2011-07-13 13:34:58,2011-07-13 13:34:58,FALSE
"MYR_2011_Humanitarian_Appeal_SCREEN.pdf",73,2011-07-26 15:10:12,2011-07-26 15:10:12,FALSE
"MYR_2011_Iraq_RRP_SCREEN.pdf",105,2011-08-19 10:56:44,2011-08-19 10:57:51,FALSE
"MYR_2011_Kenya_EHRP_SCREEN.pdf",90,2011-07-20 18:38:05,2011-07-20 18:39:12,FALSE
"MYR_2011_Mindanao_HAP_SCREEN.pdf",84,2011-07-28 19:06:42,2011-07-28 19:06:42,FALSE
"MYR_2011_Niger_FR_SCREEN.pdf",70,2011-09-14 11:46:33,2011-09-14 11:46:33,FALSE
"MYR_2011_oPt_SCREEN.pdf",103,2011-07-25 19:09:52,2011-07-25 19:48:30,FALSE
"MYR_2011_Somalia_SCREEN.pdf",89,2011-07-19 23:57:04,2011-07-19 23:57:45,FALSE
"MYR_2011_South_Sudan_SCREEN.pdf",96,2011-07-14 10:58:28,2011-07-14 10:58:28,FALSE
"MYR_2011_Sudan_WP_SCREEN.pdf",86,2011-07-17 22:22:23,2011-07-19 22:12:56,FALSE
"MYR_2011_West_Africa_SCREEN.pdf",106,2011-07-14 18:08:53,2011-07-14 18:08:53,FALSE
"MYR_2011_Yemen_HRP_SCREEN.pdf",93,2011-07-20 19:36:17,2011-07-20 19:40:21,FALSE
"MYR_2011_Zimbabwe_SCREEN.pdf",85,2011-07-05 12:07:45,2011-07-05 12:07:45,FALSE
"MYR_2012_CdI_FR.pdf",106,2012-07-17 16:53:25,2012-07-17 16:53:25,FALSE
"MYR_2012_Chad.pdf",110,2012-07-13 15:23:55,2012-07-13 16:01:04,FALSE
"MYR_2012_HAITI.pdf",146,2012-07-24 17:01:40,2012-07-24 17:05:20,FALSE
"MYR_2012_Iraq_RRP.pdf",101,2012-10-01 15:36:45,2012-10-01 15:36:45,FALSE
"MYR_2012_Kenya_EHRP.pdf",124,2012-07-23 14:11:31,2012-07-23 14:11:31,FALSE
"MYR_2012_Niger.pdf",68,2012-07-27 15:04:24,2012-07-27 15:04:24,FALSE
"MYR_2012_Overview_of_2012_CA.pdf",102,2012-08-17 10:18:22,2012-08-17 10:18:22,FALSE
"MYR_2012_Philippines_HAP.pdf",120,2012-07-27 16:43:58,2012-07-27 16:43:58,FALSE
"MYR_2012_SouthSudan.pdf",146,2012-07-13 14:13:11,2012-07-13 14:13:11,FALSE
"MYR_2013_Afghanistan_CHAP.pdf",60,2013-07-01 15:03:17,2013-07-01 15:03:17,FALSE
"MYR_2013_Burkina_Faso.pdf",56,2013-07-11 14:14:48,2013-07-11 14:14:48,FALSE
"MYR_2013_CAR.pdf",68,2013-07-17 12:00:28,2013-07-17 12:00:28,FALSE
"MYR_2013_Chad.pdf",51,2013-07-17 12:02:11,2013-07-17 12:02:11,FALSE
"MYR_2013_Djibouti_FR.pdf",42,2013-07-04 12:14:43,2013-07-04 12:14:43,FALSE
"MYR_2013_DRC_HAP_FR.pdf",44,2013-07-04 17:31:31,2013-07-04 17:31:31,FALSE
"MYR_2013_Haiti_HAP_FR.pdf",80,2013-07-29 10:12:44,2013-07-29 10:12:44,FALSE
"MYR_2013_Haiti_HAP.pdf",70,2013-07-08 15:35:45,2013-07-08 15:35:45,FALSE
"MYR_2013_Kenya_EHRP.pdf",89,2013-07-10 13:40:34,2013-07-10 13:40:34,FALSE
"MYR_2013_Mali_FR.pdf",90,2013-07-24 12:23:12,2013-07-24 12:23:12,FALSE
"MYR_2013_Mauritania.pdf",80,2013-07-12 11:29:29,2013-07-12 11:29:29,FALSE
"MYR_2013_Niger_FR.pdf",62,2013-07-19 13:32:46,2013-07-19 13:32:46,FALSE
"MYR_2013_oPt.pdf",66,2013-07-16 18:57:58,2013-07-16 18:57:58,FALSE
"MYR_2013_Overview_of_GHA.pdf",12,2013-07-10 15:09:51,2013-07-10 17:39:57,FALSE
"MYR_2013_Philippines_HAP.pdf",57,2013-06-25 11:08:51,2013-06-25 11:08:51,FALSE
"MYR_2013_Sahel_Regional_Strategy.pdf",59,2013-07-04 13:57:26,2013-07-12 09:33:58,FALSE
"MYR_2013_Somalia.pdf",101,2013-07-19 16:10:56,2013-07-19 16:10:56,FALSE
"MYR_2013_South_Sudan.pdf",97,2013-06-18 12:24:34,2013-06-18 12:25:23,FALSE
"MYR_2013_Sudan_Workplan.pdf",55,2013-07-21 11:30:40,2013-07-21 11:30:40,FALSE
"MYR_2013_Yemen_HRP.pdf",82,2013-07-18 16:39:22,2013-07-18 16:39:22,FALSE
"MYR_2013_Zimbabwe_Humanitarian_Gaps.pdf",34,2013-10-09 16:28:44,2013-10-09 16:28:58,FALSE
"MYR_DRC_2012.pdf",158,2012-08-02 14:59:29,2012-08-02 14:59:29,FALSE
"MYR2011-CHAD.pdf",92,2011-07-13 13:05:13,2011-07-13 13:05:13,FALSE
"OPT_2012_MYR.pdf",117,2012-07-20 11:30:58,2012-07-20 11:30:58,FALSE
"Overview_of_Global_Humanitarian_Response_2014.pdf",28,2013-12-13 14:34:53,2013-12-13 14:35:16,FALSE
"rapport_annuel_rdc_pah_2011.pdf",226,2012-05-22 11:45:11,2012-05-30 10:23:55,FALSE
"Rev_2011_Liberia_EHAP.pdf",61,2011-08-25 20:22:55,2011-08-25 20:22:55,FALSE
"Revision_2005_Niger.pdf",21,2005-08-05 17:51:29,2005-08-05 17:55:22,FALSE
"Revision_2005_SouthAsia_Flash.pdf",33,2005-10-25 18:39:57,2005-10-25 18:39:57,FALSE
"Revision_2005_Sudan_Workplan.pdf",136,2005-06-23 13:35:00,2005-06-23 13:55:25,FALSE
"Revision_2005_WestAfrica.pdf",20,2005-05-24 17:31:30,2005-05-24 17:31:30,FALSE
"Revision_2006_Cluster_Appeal.pdf",25,2006-07-20 13:53:11,2006-07-20 13:53:11,FALSE
"Revision_2006_Flash_LebanonCrisis.pdf",52,2006-09-01 11:19:07,2006-09-01 11:19:07,FALSE
"Revision_2006_Indonesia_Earthquake_RP.pdf",70,2006-07-05 17:45:23,2006-07-05 18:00:37,FALSE
"Revision_2006_NCaucasus_Workplan.pdf",34,2006-06-22 12:52:15,2006-07-10 18:34:10,FALSE
"Revision_2006_oPt.pdf",49,2006-07-11 15:56:50,2006-07-12 13:54:58,FALSE
"Revision_2006_Somalia.pdf",56,2006-03-20 16:32:21,2006-03-20 16:37:54,FALSE
"Revision_2006_Uganda.pdf",31,2006-05-04 19:38:59,2006-05-04 19:46:38,FALSE
"Revision_2006_WestAfrica_ENG.pdf",23,2006-03-23 19:59:27,2006-03-23 21:31:52,FALSE
"Revision_2007_Chad.pdf",54,2007-05-11 10:55:14,2007-05-11 10:55:14,FALSE
"Revision_2007_DominicanRepublic.pdf",23,2007-12-26 15:49:28,2007-12-26 15:49:28,FALSE
"Revision_2007_Madagascar_Flash.pdf",44,2007-05-14 16:29:22,2007-05-14 16:29:22,FALSE
"Revision_2007_Somalia_VOL1.pdf",61,2007-04-16 17:19:43,2007-04-16 17:19:43,FALSE
"Revision_2008_Haiti.pdf",81,2008-12-19 18:28:28,2008-12-19 18:28:28,FALSE
"Revision_2008_Kenya_EHRP_VOL1.pdf",72,2008-04-16 19:03:27,2008-04-16 20:26:00,FALSE
"Revision_2008_Myanmar_FA_VOL1.pdf",80,2008-07-09 20:47:48,2008-07-09 20:47:48,FALSE
"Revision_2008_Tajikistan_FA.pdf",41,2008-05-14 13:39:02,2008-05-14 13:39:02,FALSE
"Revision_2008-2009_Honduras_FA_SCREEN.pdf",33,2009-04-08 17:23:31,2009-04-08 17:24:24,FALSE
"Revision_2008-2009_Kyrgyzstan_FA_SCREEN.pdf",41,2009-02-06 18:32:04,2009-02-06 18:32:04,FALSE
"Revision_2009_Lao_PDR_FA_SCREEN.pdf",51,2009-12-18 19:00:34,2009-12-18 19:00:34,FALSE
"Revision_2009_Namibia_FA_SCREEN.pdf",32,2009-07-29 17:13:07,2009-07-29 17:13:07,FALSE
"Revision_2009_Philippines_FA_SCREEN.pdf",72,2009-11-16 16:23:35,2009-11-23 10:33:42,FALSE
"Revision_2009_Zimbabwe.pdf",88,2009-07-22 07:50:12,2009-07-22 07:50:12,FALSE
"Revision_2010_El_Salvador_FA_SCREEN.pdf",60,2010-03-01 18:58:34,2010-03-03 17:18:26,FALSE
"Revision_2010_Guatemala_FA_SCREEN.pdf",59,2010-09-14 16:00:48,2010-09-14 16:00:58,FALSE
"Revision_2010_Haiti_FA_SCREEN.pdf",135,2010-02-19 11:20:05,2010-02-19 11:21:16,FALSE
"Revision_2010_Kyrgyzstan_FA_Nov_SCREEN.pdf",92,2010-12-23 11:36:18,2010-12-23 11:36:50,FALSE
"Revision_2010_Kyrgyzstan_FA_SCREEN.pdf",81,2010-07-23 18:27:40,2010-07-23 19:37:12,FALSE
"Revision_2010_Pakistan_FRERRP_SCREEN.pdf",136,2010-11-05 15:47:24,2010-11-05 15:47:24,FALSE
"Revision_2011_CdIvoire_EHAP.pdf",88,2011-04-08 20:54:13,2011-04-08 20:54:29,FALSE
"Revision_2011_El_Salvador_FA.pdf",60,2011-12-07 17:34:04,2011-12-08 18:30:49,FALSE
"Revision_2011_Liberia_EHAP.pdf",39,2011-03-24 17:10:14,2011-03-24 17:13:57,FALSE
"Revision_2011_Libyan_Crisis_FA_SCREEN_IJAPLU.pdf",94,2011-05-19 11:55:14,2011-05-19 11:55:50,FALSE
"Revision_2011_Namibia_FA_SCREEN.pdf",48,2011-08-15 19:37:23,2011-08-15 19:37:23,FALSE
"Revision_2011_Nicaragua_FA.pdf",43,2011-12-14 16:57:28,2011-12-14 16:57:28,FALSE
"Revision_2011_Sri_Lanka_FA_SCREEN.pdf",51,2011-04-08 13:02:09,2011-04-08 13:02:23,FALSE
"Revision_2012_Haiti_Hurricane_Sandy.pdf",30,2012-11-13 15:28:28,2012-11-13 15:28:28,FALSE
"Revision_2012_Niger_FR.pdf",83,2012-05-07 16:08:31,2012-05-07 16:10:00,FALSE
"Revision_2012-2013_Cuba_PoA.pdf",44,2013-05-14 15:34:43,2013-05-14 15:34:43,FALSE
"Revision_2013_Mali.pdf",30,2013-03-13 12:26:33,2013-03-13 12:26:33,FALSE
"Revision_2013_Philippines_HAP_BOPHA.pdf",108,2013-01-23 16:14:56,2013-01-23 16:14:56,FALSE
"Revision_2013_Syria_HARP.pdf",131,2013-06-07 17:43:44,2013-06-07 19:31:03,FALSE
"Revision_2013_Syria_RRP.pdf",343,2013-06-06 15:25:17,2013-06-06 15:35:51,TRUE
"Revision_2013-2014_Philippines_Bohol_Earthquake_Action_Plan.pdf",26,2014-02-06 14:10:01,2014-02-06 14:10:01,FALSE
"Revision_2014_CAR.pdf",26,2014-01-23 10:10:38,2014-01-23 10:10:38,FALSE
"Revision_2014_Iraq_SRP.pdf",44,2014-06-25 15:06:12,2014-06-25 15:06:12,FALSE
"Revision_2014_Philippines_Zamboanga_Action_Plan.pdf",17,2014-05-20 11:47:57,2014-05-20 11:47:57,FALSE
"Revision_2014_South_Sudan_Crisis_RP.pdf",36,2014-02-03 19:02:07,2014-02-03 19:02:07,FALSE
"Revision_2014_South_Sudan_CRP_June_2014.pdf",102,2014-06-13 18:20:28,2014-06-14 09:24:16,FALSE
"Revision_2014-2016_Cameroon_SRP_FR.pdf",102,2014-06-04 18:02:07,2014-06-04 18:02:07,FALSE
"Revision_July_2011_CdIvoire_EHAP.pdf",102,2011-07-26 14:31:00,2011-07-26 14:31:37,FALSE
"RevisionMay_2008-2009_Pakistan_HRP_SCREEN.pdf",129,2009-05-20 15:00:27,2009-05-20 15:00:27,FALSE
"SHARP_September_2012.pdf",54,2014-01-06 10:53:58,2014-01-06 10:53:58,FALSE
"Somalia_2006_FloodsResponsePlan.pdf",29,2006-12-06 17:15:29,2006-12-06 17:15:29,FALSE
"Somalia_2012_MYR.pdf",126,2012-07-20 10:49:57,2012-07-20 10:49:57,FALSE
"SRP_2013-2014_Philippines_Typhoon_Haiyan.pdf",87,2014-01-07 14:48:22,2014-01-07 14:48:22,FALSE
"SRP_2014_Afghanistan.pdf",26,2013-12-23 16:21:16,2013-12-23 16:21:16,FALSE
"SRP_2014_CAR.pdf",72,2013-12-18 19:53:23,2013-12-18 19:53:23,FALSE
"SRP_2014_DRC_FR.pdf",93,2013-12-19 09:06:01,2013-12-19 09:06:33,FALSE
"SRP_2014_Iraq.pdf",41,2014-02-28 14:01:14,2014-02-28 14:01:31,FALSE
"SRP_2014_Myanmar.pdf",76,2014-05-14 10:40:15,2014-07-22 17:20:09,FALSE
"SRP_2014_Niger_FR.pdf",100,2014-02-05 17:11:26,2014-02-05 17:11:26,FALSE
"SRP_2014_oPt.pdf",62,2013-12-20 19:24:52,2013-12-20 19:24:52,FALSE
"SRP_2014_Somalia.pdf",97,2014-03-25 17:37:32,2014-03-25 17:38:17,FALSE
"SRP_2014_Sudan.pdf",80,2014-03-24 12:50:16,2014-03-24 12:53:00,FALSE
"SRP_2014-2015_Djibouti_FR.pdf",48,2014-05-07 19:15:52,2014-05-07 19:15:52,FALSE
"SRP_2014-2016_Burkina_Faso_FR.pdf",80,2014-02-12 10:12:12,2014-02-12 10:12:12,FALSE
"SRP_2014-2016_Cameroon_FR.pdf",81,2014-02-03 14:20:18,2014-02-03 14:20:18,FALSE
"SRP_2014-2016_Chad.pdf",80,2014-01-31 18:52:53,2014-01-31 18:52:53,FALSE
"SRP_2014-2016_Gambia.pdf",53,2014-02-03 09:53:47,2014-02-03 09:54:01,FALSE
"SRP_2014-2016_Mali_FR.pdf",113,2014-03-11 10:57:29,2014-03-11 10:57:50,FALSE
"SRP_2014-2016_Mauritania_FR.pdf",87,2014-02-03 12:30:00,2014-02-03 12:30:29,FALSE
"SRP_2014-2016_Nigeria.pdf",60,2014-02-03 14:32:59,2014-02-03 14:32:59,FALSE
"SRP_2014-2016_Sahel.pdf",45,2014-01-31 11:03:31,2014-01-31 11:03:31,FALSE
"SRP_2014-2016_Senegal_FR.pdf",52,2014-03-04 15:02:14,2014-03-04 15:02:14,FALSE
"UN-JEFA_2006_Somali_Regional_State.pdf",14,2006-11-24 12:36:51,2006-11-24 15:39:40,FALSE
"Yemen_2012_MYR.pdf",116,2012-08-17 09:53:41,2012-08-17 09:53:41,FALSE
"Zimbabwe_2012_MYR.pdf",98,2012-07-20 10:36:26,2012-07-20 10:36:26,FALSE
