pdf_url,question,page
http://docs.unocha.org/sites/dms/CAP/Revision_2014_Iraq_SRP.pdf,Transcribe the following page,1
http://docs.unocha.org/sites/dms/CAP/Revision_2014_Iraq_SRP.docx,Transcribe the following page,3
http://docs.unocha.org/sites/dms/CAP/Revision_2014_South_Sudan_CRP_June_2014.pdf,Transcribe the following page,11
http://docs.unocha.org/sites/dms/CAP/Revision_2014-2016_Cameroon_SRP_FR.pdf,Transcribe the following page,4
http://docs.unocha.org/sites/dms/CAP/Revision_2014-2016_Cameroon_SRP_FR.docx,Transcribe the following page,10
http://docs.unocha.org/sites/dms/CAP/Revision_2014_Philippines_Zamboanga_Action_Plan.pdf,Transcribe the following page,14
http://docs.unocha.org/sites/dms/CAP/Revision_2014_Philippines_Zamboanga_Action_Plan.docx,Transcribe the following page,2
http://docs.unocha.org/sites/dms/CAP/CRP_2014_South_Sudan_Update_May_2014.pdf,Transcribe the following page,5
http://docs.unocha.org/sites/dms/CAP/SRP_2014-2015_Djibouti_FR.pdf,Transcribe the following page,6
http://docs.unocha.org/sites/dms/CAP/SRP_2014-2015_Djibouti_FR.docx,Transcribe the following page,7
http://docs.unocha.org/sites/dms/CAP/SRP_2014_Iraq.pdf,Transcribe the following page,8
http://docs.unocha.org/sites/dms/CAP/SRP_2014_Iraq.docx,Transcribe the following page,9
http://docs.unocha.org/sites/dms/CAP/HRP_2014_Yemen.pdf,Transcribe the following page,12
http://docs.unocha.org/sites/dms/CAP/HRP_2014_Yemen.docx,Transcribe the following page,13
http://docs.unocha.org/sites/dms/CAP/Revision_2014_South_Sudan_Crisis_RP.pdf,Transcribe the following page,13
http://docs.unocha.org/sites/dms/CAP/Revision_2014_South_Sudan_Crisis_RP.docx,Transcribe the following page,13
http://docs.unocha.org/sites/dms/CAP/SRP_2014-2016_Senegal_FR.pdf,Transcribe the following page,13
http://docs.unocha.org/sites/dms/CAP/SRP_2014-2016_Senegal_FR.docx,Transcribe the following page,13
http://docs.unocha.org/sites/dms/CAP/SRP_2014-2016_Nigeria.pdf,Transcribe the following page,13
http://docs.unocha.org/sites/dms/CAP/SRP_2014-2016_Nigeria.docx,Transcribe the following page,13
http://docs.unocha.org/sites/dms/CAP/SRP_2014_Niger_FR.pdf,Transcribe the following page,13
http://docs.unocha.org/sites/dms/CAP/SRP_2014_Niger_FR.docx,Transcribe the following page,13
http://docs.unocha.org/sites/dms/CAP/SRP_2014-2016_Mauritania_FR.pdf,Transcribe the following page,13
http://docs.unocha.org/sites/dms/CAP/SRP_2014-2016_Mauritania_FR.docx,Transcribe the following page,13
http://docs.unocha.org/sites/dms/CAP/SRP_2014-2016_Mali_FR.pdf,Transcribe the following page,13
http://docs.unocha.org/sites/dms/CAP/SRP_2014-2016_Mali_FR.docx,Transcribe the following page,13
http://docs.unocha.org/sites/dms/CAP/SRP_2014-2016_Gambia.pdf,Transcribe the following page,13
http://docs.unocha.org/sites/dms/CAP/SRP_2014-2016_Gambia.docx,Transcribe the following page,13
http://docs.unocha.org/sites/dms/CAP/SRP_2014-2016_Chad.pdf,Transcribe the following page,13
http://docs.unocha.org/sites/dms/CAP/SRP_2014-2016_Chad.docx,Transcribe the following page,13
http://docs.unocha.org/sites/dms/CAP/SRP_2014-2016_Cameroon_FR.pdf,Transcribe the following page,13
http://docs.unocha.org/sites/dms/CAP/SRP_2014-2016_Cameroon_FR.docx,Transcribe the following page,13
http://docs.unocha.org/sites/dms/CAP/SRP_2014-2016_Burkina_Faso_FR.pdf,Transcribe the following page,13
http://docs.unocha.org/sites/dms/CAP/SRP_2014-2016_Burkina_Faso_FR.docx,Transcribe the following page,13
http://docs.unocha.org/sites/dms/CAP/SRP_2014-2016_Sahel.pdf,Transcribe the following page,13
http://docs.unocha.org/sites/dms/CAP/SRP_2014-2016_Sahel.docx,Transcribe the following page,13
http://docs.unocha.org/sites/dms/CAP/Revision_2014_CAR.pdf,Transcribe the following page,13
http://docs.unocha.org/sites/dms/CAP/Revision_2014_CAR.docx,Transcribe the following page,13
http://docs.unocha.org/sites/dms/CAP/HAP_2014_Haiti_FR.pdf,Transcribe the following page,13
http://docs.unocha.org/sites/dms/CAP/HAP_2014_Haiti_FR.docx,Transcribe the following page,13
http://docs.unocha.org/sites/dms/CAP/2014_South_Sudan_Crisis_RP.pdf,Transcribe the following page,13
http://docs.unocha.org/sites/dms/CAP/2014_South_Sudan_Crisis_RP.docx,Transcribe the following page,13
http://docs.unocha.org/sites/dms/CAP/SRP_2014_Sudan.pdf,Transcribe the following page,13
http://docs.unocha.org/sites/dms/CAP/SRP_2014_Afghanistan.pdf,Transcribe the following page,13
http://docs.unocha.org/sites/dms/CAP/SRP_2014_Afghanistan.docx,Transcribe the following page,13
http://docs.unocha.org/sites/dms/CAP/SRP_2014_oPt.pdf,Transcribe the following page,13
http://docs.unocha.org/sites/dms/CAP/SRP_2014_oPt.docx,Transcribe the following page,13
http://docs.unocha.org/sites/dms/CAP/2014_Syria_SHARP.pdf,Transcribe the following page,13
http://docs.unocha.org/sites/dms/CAP/2014_Syria_SHARP.docx,Transcribe the following page,13
http://docs.unocha.org/sites/dms/CAP/SRP_2014_DRC_FR.pdf,Transcribe the following page,13
http://docs.unocha.org/sites/dms/CAP/SRP_2014_DRC_FR.docx,Transcribe the following page,13
http://docs.unocha.org/sites/dms/CAP/HAP_2014_Haiti.pdf,Transcribe the following page,13
http://docs.unocha.org/sites/dms/CAP/HAP_2014_Haiti.docx,Transcribe the following page,13
http://docs.unocha.org/sites/dms/CAP/Overview_of_Global_Humanitarian_Response_2014.pdf,Transcribe the following page,13
http://docs.unocha.org/sites/dms/CAP/SRP_2014_CAR.pdf,Transcribe the following page,13
http://docs.unocha.org/sites/dms/CAP/SRP_2014_CAR.docx,Transcribe the following page,13
http://docs.unocha.org/sites/dms/CAP/SRP_2013-2014_Philippines_Typhoon_Haiyan.pdf,Transcribe the following page,13
http://docs.unocha.org/sites/dms/CAP/SRP_2014_Somalia.pdf,Transcribe the following page,13
http://docs.unocha.org/sites/dms/CAP/SRP_2014_Somalia.docx,Transcribe the following page,13
http://docs.unocha.org/sites/dms/CAP/HS_2014_Myanmar.pdf,Transcribe the following page,13
http://docs.unocha.org/sites/dms/CAP/HS_2014_Myanmar.docx,Transcribe the following page,13
http://docs.unocha.org/sites/dms/CAP/CAP_2014-2016_South_Sudan.pdf,Transcribe the following page,13
http://docs.unocha.org/sites/dms/CAP/MYR_2013_Sudan_Workplan.pdf,Transcribe the following page,13
http://docs.unocha.org/sites/dms/CAP/MYR_2013_Somalia.pdf,Transcribe the following page,13
http://docs.unocha.org/sites/dms/CAP/MYR_2013_Somalia.docx,Transcribe the following page,13
http://docs.unocha.org/sites/dms/CAP/MYR_2013_Niger_FR.pdf,Transcribe the following page,13
http://docs.unocha.org/sites/dms/CAP/MYR_2013_Niger_FR.docx,Transcribe the following page,13
http://docs.unocha.org/sites/dms/CAP/MYR_2013_Overview_of_GHA.pdf,Transcribe the following page,13
http://docs.unocha.org/sites/dms/CAP/MYR_2013_CAR.pdf,Transcribe the following page,13
http://docs.unocha.org/sites/dms/CAP/MYR_2013_CAR.docx,Transcribe the following page,13
http://docs.unocha.org/sites/dms/CAP/MYR_2013_oPt.pdf,Transcribe the following page,13
http://docs.unocha.org/sites/dms/CAP/MYR_2013_oPt.docx,Transcribe the following page,13
http://docs.unocha.org/sites/dms/CAP/MYR_2013_Mali_FR.pdf,Transcribe the following page,13
http://docs.unocha.org/sites/dms/CAP/MYR_2013_Mali_FR.docx,Transcribe the following page,13
http://docs.unocha.org/sites/dms/CAP/MYR_2013_Mauritania.pdf,Transcribe the following page,13
http://docs.unocha.org/sites/dms/CAP/MYR_2013_Mauritania.docx,Transcribe the following page,13
http://docs.unocha.org/sites/dms/CAP/MYR_2013_Yemen_HRP.pdf,Transcribe the following page,13
http://docs.unocha.org/sites/dms/CAP/MYR_2013_Yemen_HRP.docx,Transcribe the following page,13
http://docs.unocha.org/sites/dms/CAP/MYR_2013_Burkina_Faso.pdf,Transcribe the following page,13
http://docs.unocha.org/sites/dms/CAP/MYR_2013_Burkina_Faso.docx,Transcribe the following page,13
http://docs.unocha.org/sites/dms/CAP/MYR_2013_Kenya_EHRP.pdf,Transcribe the following page,13
http://docs.unocha.org/sites/dms/CAP/MYR_2013_Kenya_EHRP.docx,Transcribe the following page,13
http://docs.unocha.org/sites/dms/CAP/MYR_2013_Haiti_HAP.pdf,Transcribe the following page,13
http://docs.unocha.org/sites/dms/CAP/MYR_2013_Haiti_HAP.docx,Transcribe the following page,13
http://docs.unocha.org/sites/dms/CAP/MYR_2013_Haiti_HAP_FR.pdf,Transcribe the following page,13
http://docs.unocha.org/sites/dms/CAP/MYR_2013_Haiti_HAP_FR.docx,Transcribe the following page,13
http://docs.unocha.org/sites/dms/CAP/MYR_2013_DRC_HAP_FR.pdf,Transcribe the following page,13
http://docs.unocha.org/sites/dms/CAP/MYR_2013_DRC_HAP_FR.docx,Transcribe the following page,13
http://docs.unocha.org/sites/dms/CAP/MYR_2013_Djibouti_FR.pdf,Transcribe the following page,13
http://docs.unocha.org/sites/dms/CAP/MYR_2013_Djibouti_FR.docx,Transcribe the following page,13
http://docs.unocha.org/sites/dms/CAP/MYR_2013_Chad.pdf,Transcribe the following page,13
http://docs.unocha.org/sites/dms/CAP/MYR_2013_Chad.docx,Transcribe the following page,13
http://docs.unocha.org/sites/dms/CAP/MYR_2013_Afghanistan_CHAP.pdf,Transcribe the following page,13
http://docs.unocha.org/sites/dms/CAP/MYR_2013_Afghanistan_CHAP.docx,Transcribe the following page,13
http://docs.unocha.org/sites/dms/CAP/MYR_2013_South_Sudan.pdf,Transcribe the following page,13
http://docs.unocha.org/sites/dms/CAP/MYR_2013_Philippines_HAP.pdf,Transcribe the following page,13
http://docs.unocha.org/sites/dms/CAP/MYR_2013_Philippines_HAP.docx,Transcribe the following page,13
http://docs.unocha.org/sites/dms/CAP/Revision_2013_Mali.pdf,Transcribe the following page,13
http://docs.unocha.org/sites/dms/CAP/Revision_2013_Mali.docx,Transcribe the following page,13
http://docs.unocha.org/sites/dms/CAP/Revision_2013_Philippines_HAP_BOPHA.pdf,Transcribe the following page,13
http://docs.unocha.org/sites/dms/CAP/Revision_2013_Philippines_HAP_BOPHA.docx,Transcribe the following page,13
http://docs.unocha.org/sites/dms/CAP/CAP_2013_Djibouti.pdf,Transcribe the following page,13
http://docs.unocha.org/sites/dms/CAP/CAP_2013_Djibouti.docx,Transcribe the following page,13
http://docs.unocha.org/sites/dms/CAP/2013_Afghanistan_CHAP.pdf,Transcribe the following page,13
http://docs.unocha.org/sites/dms/CAP/2013_Afghanistan_CHAP.docx,Transcribe the following page,13
http://docs.unocha.org/sites/dms/CAP/CAP_2013_Niger_FR.pdf,Transcribe the following page,13
http://docs.unocha.org/sites/dms/CAP/CAP_2013_Niger_FR.docx,Transcribe the following page,13
http://docs.unocha.org/sites/dms/CAP/CAP_2013_Burkina_Faso.pdf,Transcribe the following page,13
http://docs.unocha.org/sites/dms/CAP/CAP_2013_Burkina_Faso.docx,Transcribe the following page,13
http://docs.unocha.org/sites/dms/CAP/2013_Haiti_HAP.pdf,Transcribe the following page,13
http://docs.unocha.org/sites/dms/CAP/2013_Haiti_HAP.docx,Transcribe the following page,13
http://docs.unocha.org/sites/dms/CAP/CAP_2013_Mauritania.pdf,Transcribe the following page,13
http://docs.unocha.org/sites/dms/CAP/CAP_2013_Mauritania.docx,Transcribe the following page,13
http://docs.unocha.org/sites/dms/CAP/2013_Kenya_EHRP.pdf,Transcribe the following page,13
http://docs.unocha.org/sites/dms/CAP/2013_Kenya_EHRP.docx,Transcribe the following page,13
http://docs.unocha.org/sites/dms/CAP/CAP_2013_Mali.pdf,Transcribe the following page,13
http://docs.unocha.org/sites/dms/CAP/CAP_2013_Mali.docx,Transcribe the following page,13
http://docs.unocha.org/sites/dms/CAP/2013_Yemen_HRP.pdf,Transcribe the following page,13
http://docs.unocha.org/sites/dms/CAP/2013_Yemen_HRP.docx,Transcribe the following page,13
http://docs.unocha.org/sites/dms/CAP/2013_DRC_HAP_FR.pdf,Transcribe the following page,13
http://docs.unocha.org/sites/dms/CAP/2013_DRC_HAP_FR.docx,Transcribe the following page,13
http://docs.unocha.org/sites/dms/CAP/CAP_2013_CAR.pdf,Transcribe the following page,13
http://docs.unocha.org/sites/dms/CAP/CAP_2013_CAR.docx,Transcribe the following page,13
http://docs.unocha.org/sites/dms/CAP/CAP_2013_oPt.pdf,Transcribe the following page,13
http://docs.unocha.org/sites/dms/CAP/CAP_2013_oPt.docx,Transcribe the following page,13
http://docs.unocha.org/sites/dms/CAP/CAP_2013_Somalia.pdf,Transcribe the following page,13
http://docs.unocha.org/sites/dms/CAP/CAP_2013_Somalia.docx,Transcribe the following page,13
http://docs.unocha.org/sites/dms/CAP/CAP_2013_Chad.pdf,Transcribe the following page,13
http://docs.unocha.org/sites/dms/CAP/CAP_2013_Chad.docx,Transcribe the following page,13
http://docs.unocha.org/sites/dms/CAP/CAP_2013_Overview_of_2013_CA.pdf,Transcribe the following page,13
http://docs.unocha.org/sites/dms/CAP/2013_Sudan_Workplan.pdf,Transcribe the following page,13
http://docs.unocha.org/sites/dms/CAP/2013_Philippines_HAP.pdf,Transcribe the following page,13
http://docs.unocha.org/sites/dms/CAP/2013_Philippines_HAP.docx,Transcribe the following page,13
http://docs.unocha.org/sites/dms/CAP/2013_Zimbabwe_Humanitarian_Gaps.pdf,Transcribe the following page,13
http://docs.unocha.org/sites/dms/CAP/2013_Zimbabwe_Humanitarian_Gaps.doc,Transcribe the following page,13
http://docs.unocha.org/sites/dms/CAP/CAP_2013_South_Sudan.pdf,Transcribe the following page,13
http://docs.unocha.org/sites/dms/CAP/EYR_2011_Somalia.pdf,Transcribe the following page,13
http://docs.unocha.org/sites/dms/CAP/MYR_2012_Iraq_RRP.pdf,Transcribe the following page,13
http://docs.unocha.org/sites/dms/CAP/MYR_2012_Iraq_RRP.doc,Transcribe the following page,13
http://docs.unocha.org/sites/dms/CAP/MYR_2012_Philippines_HAP.pdf,Transcribe the following page,13
http://docs.unocha.org/sites/dms/CAP/MYR_2012_Philippines_HAP.docx,Transcribe the following page,13
http://docs.unocha.org/sites/dms/CAP/Yemen_2012_MYR.pdf,Transcribe the following page,13
http://docs.unocha.org/sites/dms/CAP/Yemen_2012_MYR.docx,Transcribe the following page,13
http://docs.unocha.org/sites/dms/CAP/2012_MYR_SUDAN.pdf,Transcribe the following page,13
http://docs.unocha.org/sites/dms/CAP/MYR_DRC_2012.pdf,Transcribe the following page,13
http://docs.unocha.org/sites/dms/CAP/MYR_DRC_2012.docx,Transcribe the following page,13
http://docs.unocha.org/sites/dms/CAP/MYR_2012_Niger.pdf,Transcribe the following page,13
http://docs.unocha.org/sites/dms/CAP/MYR_2012_Niger.docx,Transcribe the following page,13
http://docs.unocha.org/sites/dms/CAP/MYR_2012_HAITI.pdf,Transcribe the following page,13
http://docs.unocha.org/sites/dms/CAP/MYR_2012_HAITI.docx,Transcribe the following page,13
http://docs.unocha.org/sites/dms/CAP/MYR_2012_Kenya_EHRP.pdf,Transcribe the following page,13
http://docs.unocha.org/sites/dms/CAP/MYR_2012_Kenya_EHRP.docx,Transcribe the following page,13
http://docs.unocha.org/sites/dms/CAP/Afghanistan_2012_MYR.pdf,Transcribe the following page,13
http://docs.unocha.org/sites/dms/CAP/Afghanistan_2012_MYR.docx,Transcribe the following page,13
http://docs.unocha.org/sites/dms/CAP/OPT_2012_MYR.pdf,Transcribe the following page,13
http://docs.unocha.org/sites/dms/CAP/OPT_2012_MYR.docx,Transcribe the following page,13
http://docs.unocha.org/sites/dms/CAP/Somalia_2012_MYR.pdf,Transcribe the following page,13
http://docs.unocha.org/sites/dms/CAP/Somalia_2012_MYR.docx,Transcribe the following page,13
http://docs.unocha.org/sites/dms/CAP/Zimbabwe_2012_MYR.pdf,Transcribe the following page,13
http://docs.unocha.org/sites/dms/CAP/Zimbabwe_2012_MYR.docx,Transcribe the following page,13
http://docs.unocha.org/sites/dms/CAP/MYR_2012_Overview_of_2012_CA.pdf,Transcribe the following page,13
http://docs.unocha.org/sites/dms/CAP/MYR_2012_Overview_of_2012_CA.docx,Transcribe the following page,13
http://docs.unocha.org/sites/dms/CAP/MYR_2012_CdI_FR.pdf,Transcribe the following page,13
http://docs.unocha.org/sites/dms/CAP/MYR_2012_CdI_FR.docx,Transcribe the following page,13
http://docs.unocha.org/sites/dms/CAP/MYR_2012_Chad.pdf,Transcribe the following page,13
http://docs.unocha.org/sites/dms/CAP/MYR_2012_Chad.docx,Transcribe the following page,13
http://docs.unocha.org/sites/dms/CAP/Liberia_MYR_2012.pdf,Transcribe the following page,13
http://docs.unocha.org/sites/dms/CAP/Liberia_MYR_2012.docx,Transcribe the following page,13
http://docs.unocha.org/sites/dms/CAP/Djibouti_2012_MYR.pdf,Transcribe the following page,13
http://docs.unocha.org/sites/dms/CAP/Djibouti_2012_MYR.docx,Transcribe the following page,13
http://docs.unocha.org/sites/dms/CAP/CAR 2012 MYR.pdf,Transcribe the following page,13
http://docs.unocha.org/sites/dms/CAP/CAR 2012 MYR.docx,Transcribe the following page,13
http://docs.unocha.org/sites/dms/CAP/MYR_2012_SouthSudan.pdf,Transcribe the following page,13
http://docs.unocha.org/sites/dms/CAP/MYR_2012_SouthSudan.docx,Transcribe the following page,13
http://docs.unocha.org/sites/dms/CAP/CAP_2012_Mali.pdf,Transcribe the following page,13
http://docs.unocha.org/sites/dms/CAP/CAP_2012_Mali.docx,Transcribe the following page,13
http://docs.unocha.org/sites/dms/CAP/CAP_2012_Mauritania.pdf,Transcribe the following page,13
http://docs.unocha.org/sites/dms/CAP/CAP_2012_Mauritania.docx,Transcribe the following page,13
http://docs.unocha.org/sites/dms/CAP/CAP_2012_Burkina_Faso.pdf,Transcribe the following page,13
http://docs.unocha.org/sites/dms/CAP/CAP_2012_Burkina_Faso.docx,Transcribe the following page,13
http://docs.unocha.org/sites/dms/CAP/Revision_2012_Niger_FR.pdf,Transcribe the following page,13
http://docs.unocha.org/sites/dms/CAP/Revision_2012_Niger_FR.doc,Transcribe the following page,13
http://docs.unocha.org/sites/dms/CAP/2012_Iraq_RRP.pdf,Transcribe the following page,13
http://docs.unocha.org/sites/dms/CAP/2012_Iraq_RRP.docx,Transcribe the following page,13
http://docs.unocha.org/sites/dms/CAP/Emergency_Revision_Jan_2012_Philippines_HAP.pdf,Transcribe the following page,13
http://docs.unocha.org/sites/dms/CAP/Emergency_Revision_Jan_2012_Philippines_HAP.doc,Transcribe the following page,13
http://docs.unocha.org/sites/dms/CAP/CAP_2012_Liberia.pdf,Transcribe the following page,13
http://docs.unocha.org/sites/dms/CAP/CAP_2012_Liberia.docx,Transcribe the following page,13
http://docs.unocha.org/sites/dms/CAP/CAP_2012_CDI_Eng.pdf,Transcribe the following page,13
http://docs.unocha.org/sites/dms/CAP/CAP_2012_CDI_Eng.docx,Transcribe the following page,13
http://docs.unocha.org/sites/dms/CAP/Emergency_Revision_2012_Philippines_HAP.pdf,Transcribe the following page,13
http://docs.unocha.org/sites/dms/CAP/Emergency_Revision_2012_Philippines_HAP.doc,Transcribe the following page,13
http://docs.unocha.org/sites/dms/CAP/CAP_2012_Niger_FR.pdf,Transcribe the following page,13
http://docs.unocha.org/sites/dms/CAP/CAP_2012_Niger_FR.docx,Transcribe the following page,13
http://docs.unocha.org/sites/dms/CAP/CAP_2012_South_Sudan.pdf,Transcribe the following page,13
http://docs.unocha.org/sites/dms/CAP/CAP_2012_South_Sudan.docx,Transcribe the following page,13
http://docs.unocha.org/sites/dms/CAP/CAP_2012_oPt.pdf,Transcribe the following page,13
http://docs.unocha.org/sites/dms/CAP/CAP_2012_oPt.docx,Transcribe the following page,13
http://docs.unocha.org/sites/dms/CAP/2012_Yemen_HRP.pdf,Transcribe the following page,13
http://docs.unocha.org/sites/dms/CAP/2012_Yemen_HRP.doc,Transcribe the following page,13
http://docs.unocha.org/sites/dms/CAP/CAP_2012_Afghanistan.pdf,Transcribe the following page,13
http://docs.unocha.org/sites/dms/CAP/CAP_2012_Afghanistan.docx,Transcribe the following page,13
http://docs.unocha.org/sites/dms/CAP/CAP_2012_CAR.pdf,Transcribe the following page,13
http://docs.unocha.org/sites/dms/CAP/CAP_2012_CAR.docx,Transcribe the following page,13
http://docs.unocha.org/sites/dms/CAP/CAP_2012_CDI.pdf,Transcribe the following page,13
http://docs.unocha.org/sites/dms/CAP/CAP_2012_CDI.docx,Transcribe the following page,13
http://docs.unocha.org/sites/dms/CAP/CAP_2012_Somalia.pdf,Transcribe the following page,13
http://docs.unocha.org/sites/dms/CAP/CAP_2012_Somalia.pdf,Transcribe the following page,13
http://docs.unocha.org/sites/dms/CAP/CAP_2012_Overview_of_2012_CA.pdf,Transcribe the following page,13
http://docs.unocha.org/sites/dms/CAP/MASTER DOC 2012 CAP chapeau Final December Edition.docx,Transcribe the following page,13
http://docs.unocha.org/sites/dms/CAP/2012_Kenya_EHRP.pdf,Transcribe the following page,13
http://docs.unocha.org/sites/dms/CAP/2012_Kenya_EHRP.docx,Transcribe the following page,13
http://docs.unocha.org/sites/dms/CAP/CAP_2012_Zimbabwe.pdf,Transcribe the following page,13
http://docs.unocha.org/sites/dms/CAP/CAP_2012_Zimbabwe.docx,Transcribe the following page,13
http://docs.unocha.org/sites/dms/CAP/2012_Sudan_Workplan.pdf,Transcribe the following page,13
http://docs.unocha.org/sites/dms/CAP/2012_Philippines_HAP.pdf,Transcribe the following page,13
http://docs.unocha.org/sites/dms/CAP/2012_Philippines_HAP.docx,Transcribe the following page,13
http://docs.unocha.org/sites/dms/CAP/CAP_2012_Haiti.pdf,Transcribe the following page,13
http://docs.unocha.org/sites/dms/CAP/CAP_2012_Haiti.docx,Transcribe the following page,13
http://docs.unocha.org/sites/dms/CAP/2012_DRC_HAP_FR.pdf,Transcribe the following page,13
http://docs.unocha.org/sites/dms/CAP/2012_DRC_HAP_FR.docx,Transcribe the following page,13
http://docs.unocha.org/sites/dms/CAP/CAP_2012_Djibouti.pdf,Transcribe the following page,13
http://docs.unocha.org/sites/dms/CAP/CAP_2012_Djibouti.docx,Transcribe the following page,13
http://docs.unocha.org/sites/dms/CAP/CAP_2012_Chad.pdf,Transcribe the following page,13
http://docs.unocha.org/sites/dms/CAP/CAP_2012_Chad.docx,Transcribe the following page,13
http://docs.unocha.org/sites/dms/CAP/Revision_2011_El_Salvador_FA.pdf,Transcribe the following page,13
http://docs.unocha.org/sites/dms/CAP/CAP_2011_Afghanistan_Emergency_Revision_SCREEN.pdf,Transcribe the following page,13
http://docs.unocha.org/sites/dms/CAP/ER_2011_Somalia_SCREEN.pdf,Transcribe the following page,13
http://docs.unocha.org/sites/dms/CAP/Rev_2011_Liberia_EHAP.pdf,Transcribe the following page,13
http://docs.unocha.org/sites/dms/CAP/MYR_2011_CAR_SCREEN.pdf,Transcribe the following page,13
http://docs.unocha.org/sites/dms/CAP/MYR_2011_Yemen_HRP_SCREEN.pdf,Transcribe the following page,13
http://docs.unocha.org/sites/dms/CAP/Revision_July_2011_CdIvoire_EHAP.pdf,Transcribe the following page,13
http://docs.unocha.org/sites/dms/CAP/MYR_2011_oPt_SCREEN.pdf,Transcribe the following page,13
http://docs.unocha.org/sites/dms/CAP/MYR_2011_Haiti_FR_SCREEN.pdf,Transcribe the following page,13
http://docs.unocha.org/sites/dms/CAP/MYR_2011_DRC_HAP_FR_SCREEN.pdf,Transcribe the following page,13
http://docs.unocha.org/sites/dms/CAP/MYR_2011_Zimbabwe_SCREEN.pdf,Transcribe the following page,13
http://docs.unocha.org/sites/dms/CAP/MYR_2011_West_Africa_SCREEN.pdf,Transcribe the following page,13
http://docs.unocha.org/sites/dms/CAP/MYR_2011_Sudan_WP_SCREEN.pdf,Transcribe the following page,13
http://docs.unocha.org/sites/dms/CAP/MYR_2011_South_Sudan_SCREEN.pdf,Transcribe the following page,13
http://docs.unocha.org/sites/dms/CAP/MYR_2011_Somalia_SCREEN.pdf,Transcribe the following page,13
http://docs.unocha.org/sites/dms/CAP/MYR_2011_Humanitarian_Appeal_SCREEN.pdf,Transcribe the following page,13
http://docs.unocha.org/sites/dms/CAP/MYR_2011_Niger_FR_SCREEN.pdf,Transcribe the following page,13
http://docs.unocha.org/sites/dms/CAP/MYR_2011_Afghanistan_SCREEN.pdf,Transcribe the following page,13
http://docs.unocha.org/sites/dms/CAP/MYR2011-CHAD.pdf,Transcribe the following page,13
http://docs.unocha.org/sites/dms/CAP/MYR_2011_Kenya_EHRP_SCREEN.pdf,Transcribe the following page,13
http://docs.unocha.org/sites/dms/CAP/Revision_2011_CdIvoire_EHAP.pdf,Transcribe the following page,13
http://docs.unocha.org/sites/dms/CAP/Revision_2011_Liberia_EHAP.pdf,Transcribe the following page,13
http://docs.unocha.org/sites/dms/CAP/2011_Liberia_EHAP.pdf,Transcribe the following page,13
http://docs.unocha.org/sites/dms/CAP/2011_CdIvoire_EHAP_SCREEN.pdf,Transcribe the following page,13
http://docs.unocha.org/sites/dms/CAP/CAP_2011_CAR_SCREEN.pdf,Transcribe the following page,13
http://docs.unocha.org/sites/dms/CAP/CAP_2011_oPt_SCREEN.pdf,Transcribe the following page,13
http://docs.unocha.org/sites/dms/CAP/CAP_2011_Haiti_SCREEN.pdf,Transcribe the following page,13
http://docs.unocha.org/sites/dms/CAP/CAP_2011_Zimbabwe_SCREEN.pdf,Transcribe the following page,13
http://docs.unocha.org/sites/dms/CAP/CAP_2011_WestAfrica_SCREEN.pdf,Transcribe the following page,13
http://docs.unocha.org/sites/dms/CAP/2011_Sudan_Workplan_SCREEN.pdf,Transcribe the following page,13
http://docs.unocha.org/sites/dms/CAP/CAP_2011_Humanitarian_Appeal_SCREEN.pdf,Transcribe the following page,13
http://docs.unocha.org/sites/dms/CAP/CAP_2011_Somalia_SCREEN.pdf,Transcribe the following page,13
http://docs.unocha.org/sites/dms/CAP/CAP_2011_Niger_FR_SCREEN.pdf,Transcribe the following page,13
http://docs.unocha.org/sites/dms/CAP/CAP_2011_Afghanistan_SCREEN.pdf,Transcribe the following page,13
http://docs.unocha.org/sites/dms/CAP/Chad CAP 2011.pdf,Transcribe the following page,13
http://docs.unocha.org/sites/dms/CAP/MYR_2010_CAR_SCREEN.pdf,Transcribe the following page,13
http://docs.unocha.org/sites/dms/CAP/MYR_2010_oPt_SCREEN.pdf,Transcribe the following page,13
http://docs.unocha.org/sites/dms/CAP/MYR_2010_Afghanistan_HAP_SCREEN.pdf,Transcribe the following page,13
http://docs.unocha.org/sites/dms/CAP/MYR_2010_Zimbabwe_SCREEN.pdf,Transcribe the following page,13
http://docs.unocha.org/sites/dms/CAP/MYR_2010_WestAfrica_SCREEN.pdf,Transcribe the following page,13
http://docs.unocha.org/sites/dms/CAP/MYR_2010_Uganda_SCREEN.pdf,Transcribe the following page,13
http://docs.unocha.org/sites/dms/CAP/MYR_2010_Somalia_SCREEN.pdf,Transcribe the following page,13
http://docs.unocha.org/sites/dms/CAP/MYR_2010_RoC_SCREEN.pdf,Transcribe the following page,13
http://docs.unocha.org/sites/dms/CAP/myr_2010_Chad.pdf,Transcribe the following page,13
http://docs.unocha.org/sites/dms/CAP/CAP_2010_CAR_SCREEN.pdf,Transcribe the following page,13
http://docs.unocha.org/sites/dms/CAP/CAP_2010_oPt_SCREEN.pdf,Transcribe the following page,13
http://docs.unocha.org/sites/dms/CAP/2010_Afghanistan_HAP_SCREEN.pdf,Transcribe the following page,13
http://docs.unocha.org/sites/dms/CAP/CAP_2010_Zimbabwe_SCREEN.pdf,Transcribe the following page,13
http://docs.unocha.org/sites/dms/CAP/CAP_2010_WestAfrica_SCREEN.pdf,Transcribe the following page,13
http://docs.unocha.org/sites/dms/CAP/CAP_2010_Uganda_SCREEN.pdf,Transcribe the following page,13
http://docs.unocha.org/sites/dms/CAP/CAP_2010_Somalia_SCREEN.pdf,Transcribe the following page,13
http://docs.unocha.org/sites/dms/CAP/CAP_2010_RoC_SCREEN.pdf,Transcribe the following page,13
http://docs.unocha.org/sites/dms/CAP/CAP_2010_Chad_FR_SCREEN.pdf,Transcribe the following page,13
http://docs.unocha.org/sites/dms/CAP/CAP_2009_Iraq_VOL1.pdf,Transcribe the following page,13
http://docs.unocha.org/sites/dms/CAP/CAP_2009_Iraq_VOL1.doc,Transcribe the following page,13
http://docs.unocha.org/sites/dms/CAP/RevisionMay_2008-2009_Pakistan_HRP_SCREEN.pdf,Transcribe the following page,13
http://docs.unocha.org/sites/dms/CAP/RevisionMay_2008-2009_Pakistan_HRP.doc,Transcribe the following page,13
http://docs.unocha.org/sites/dms/CAP/CAP_2009_CAR_VOL1_SCREEN.pdf,Transcribe the following page,13
http://docs.unocha.org/sites/dms/CAP/CAP_2009_CAR_VOL1.doc,Transcribe the following page,13
http://docs.unocha.org/sites/dms/CAP/Revision_2009_Namibia_FA_SCREEN.pdf,Transcribe the following page,13
http://docs.unocha.org/sites/dms/CAP/Revision_2009_Namibia_FA.doc,Transcribe the following page,13
http://docs.unocha.org/sites/dms/CAP/Flash_2009_Namibia_SCREEN.pdf,Transcribe the following page,13
http://docs.unocha.org/sites/dms/CAP/Flash_2009_Namibia.doc,Transcribe the following page,13
http://docs.unocha.org/sites/dms/CAP/MYR_2009_Tajikistan_HFSA.pdf,Transcribe the following page,13
http://docs.unocha.org/sites/dms/CAP/MYR_2009_Tajikistan_HFSA.doc,Transcribe the following page,13
http://docs.unocha.org/sites/dms/CAP/MYR_2009_oPt_SCREEN.pdf,Transcribe the following page,13
http://docs.unocha.org/sites/dms/CAP/MYR_2009_oPt.doc,Transcribe the following page,13
http://docs.unocha.org/sites/dms/CAP/MYR_2009_Nepal_HTA_SCREEN.pdf,Transcribe the following page,13
http://docs.unocha.org/sites/dms/CAP/MYR_2009_Nepal_HTA.doc,Transcribe the following page,13
http://docs.unocha.org/sites/dms/CAP/MYR_2009_Iraq.pdf,Transcribe the following page,13
http://docs.unocha.org/sites/dms/CAP/MYR_2009_Iraq.doc,Transcribe the following page,13
http://docs.unocha.org/sites/dms/CAP/MYR_2009_DRC_HAP_FR_SCREEN.pdf,Transcribe the following page,13
http://docs.unocha.org/sites/dms/CAP/MYR_2009_DRC_HAP_FR.doc,Transcribe the following page,13
http://docs.unocha.org/sites/dms/CAP/MYR_2009_CdIvoire_CHN_SCREEN.pdf,Transcribe the following page,13
http://docs.unocha.org/sites/dms/CAP/MYR_2009_CdIvoire_CHN.doc,Transcribe the following page,13
http://docs.unocha.org/sites/dms/CAP/MYR_2009_CAR_SCREEN.pdf,Transcribe the following page,13
http://docs.unocha.org/sites/dms/CAP/MYR_2009_CAR.doc,Transcribe the following page,13
http://docs.unocha.org/sites/dms/CAP/MYR_2009_Afghanistan_HAP_SCREEN.pdf,Transcribe the following page,13
http://docs.unocha.org/sites/dms/CAP/MYR_2009_Afghanistan_HAP.doc,Transcribe the following page,13
http://docs.unocha.org/sites/dms/CAP/MYR_2009_WestAfrica.pdf,Transcribe the following page,13
http://docs.unocha.org/sites/dms/CAP/MYR_2009_WestAfrica.doc,Transcribe the following page,13
http://docs.unocha.org/sites/dms/CAP/MYR_2009_Uganda.pdf,Transcribe the following page,13
http://docs.unocha.org/sites/dms/CAP/MYR_2009_Uganda.doc,Transcribe the following page,13
http://docs.unocha.org/sites/dms/CAP/MYR_2009_Sudan_WorkPlan.pdf,Transcribe the following page,13
http://docs.unocha.org/sites/dms/CAP/MYR_2009_Sudan_WorkPlan.doc,Transcribe the following page,13
http://docs.unocha.org/sites/dms/CAP/MYR_2009_Somalia.pdf,Transcribe the following page,13
http://docs.unocha.org/sites/dms/CAP/MYR_2009_Somalia.doc,Transcribe the following page,13
http://docs.unocha.org/sites/dms/CAP/MYR_2009_Kenya_EHRP_SCREEN.pdf,Transcribe the following page,13
http://docs.unocha.org/sites/dms/CAP/MYR_2009_Kenya_EHRP.doc,Transcribe the following page,13
http://docs.unocha.org/sites/dms/CAP/MYR_2009_Chad_SCREEN.pdf,Transcribe the following page,13
http://docs.unocha.org/sites/dms/CAP/MYR_2009_Chad.doc,Transcribe the following page,13
http://docs.unocha.org/sites/dms/CAP/2009_Tajikistan_React_Appeal.pdf,Transcribe the following page,13
http://docs.unocha.org/sites/dms/CAP/Revision_2009_Zimbabwe.pdf,Transcribe the following page,13
http://docs.unocha.org/sites/dms/CAP/Revision_2009_Zimbabwe.doc,Transcribe the following page,13
http://docs.unocha.org/sites/dms/CAP/CAP_2009_Zimbabwe_VOL1.pdf,Transcribe the following page,13
http://docs.unocha.org/sites/dms/CAP/CAP_2009_Zimbabwe_VOL1.doc,Transcribe the following page,13
http://docs.unocha.org/sites/dms/CAP/2009_Kenya_EHRP_VOL1_SCREEN.pdf,Transcribe the following page,13
http://docs.unocha.org/sites/dms/CAP/2009_Kenya_EHRP_VOL1.doc,Transcribe the following page,13
http://docs.unocha.org/sites/dms/CAP/2009_CdIvoire_CHN_VOL1_SCREEN.pdf,Transcribe the following page,13
http://docs.unocha.org/sites/dms/CAP/2009_CdIvoire_CHN_VOL1.doc,Transcribe the following page,13
http://docs.unocha.org/sites/dms/CAP/2009_Nepal_HTA_VOL1_SCREEN.pdf,Transcribe the following page,13
http://docs.unocha.org/sites/dms/CAP/2009_Nepal_HTA_VOL1.doc,Transcribe the following page,13
http://docs.unocha.org/sites/dms/CAP/CAP_2009_Chad_VOL1_SCREEN.pdf,Transcribe the following page,13
http://docs.unocha.org/sites/dms/CAP/CAP_2009_Chad_VOL1.doc,Transcribe the following page,13
http://docs.unocha.org/sites/dms/CAP/2009_Afghanistan_HAP_SCREEN.pdf,Transcribe the following page,13
http://docs.unocha.org/sites/dms/CAP/2009_Afghanistan_HAP.doc,Transcribe the following page,13
http://docs.unocha.org/sites/dms/CAP/2009_Zimbabwe_Cholera_OP_Heath_and_WASH.pdf,Transcribe the following page,13
http://docs.unocha.org/sites/dms/CAP/2009_Zimbabwe_Cholera_OP_Heath_and_WASH.doc,Transcribe the following page,13
http://docs.unocha.org/sites/dms/CAP/2009_Angola_ResponsePlan_SCREEN.pdf,Transcribe the following page,13
http://docs.unocha.org/sites/dms/CAP/2009_Angola_Response_Plan.doc,Transcribe the following page,13
http://docs.unocha.org/sites/dms/CAP/CAP_2009_oPt_VOL1_SCREEN.pdf,Transcribe the following page,13
http://docs.unocha.org/sites/dms/CAP/CAP_2009_oPt_VOL1.doc,Transcribe the following page,13
http://docs.unocha.org/sites/dms/CAP/2009_DRC_HAP_FR_VOL1_SCREEN.pdf,Transcribe the following page,13
http://docs.unocha.org/sites/dms/CAP/2009_DRC_HAP_FR_VOL1.doc,Transcribe the following page,13
http://docs.unocha.org/sites/dms/CAP/CAP_2009_WestAfrica_VOL1.pdf,Transcribe the following page,13
http://docs.unocha.org/sites/dms/CAP/CAP_2009_WestAfrica_VOL1.doc,Transcribe the following page,13
http://docs.unocha.org/sites/dms/CAP/CAP_2009_Uganda.pdf,Transcribe the following page,13
http://docs.unocha.org/sites/dms/CAP/CAP_2009_Uganda.doc,Transcribe the following page,13
http://docs.unocha.org/sites/dms/CAP/2009_Sudan_Workplan_VOL1.pdf,Transcribe the following page,13
http://docs.unocha.org/sites/dms/CAP/CAP_2009_Somalia_VOL1.pdf,Transcribe the following page,13
http://docs.unocha.org/sites/dms/CAP/CAP_2009_Somalia_VOL1.doc,Transcribe the following page,13
http://docs.unocha.org/sites/dms/CAP/2008_Yemen_FloodsResponsePlan.pdf,Transcribe the following page,13
http://docs.unocha.org/sites/dms/CAP/2008_Yemen_FloodsResponsePlan.doc,Transcribe the following page,13
http://docs.unocha.org/sites/dms/CAP/2008_DroughtAppeal_Syria.pdf,Transcribe the following page,13
http://docs.unocha.org/sites/dms/CAP/2008_DroughtAppeal_Syria.doc,Transcribe the following page,13
http://docs.unocha.org/sites/dms/CAP/2008_Nepal_Common_Appeal_Supplement.pdf,Transcribe the following page,13
http://docs.unocha.org/sites/dms/CAP/2008_Nepal_Common_Appeal_Supplement.doc,Transcribe the following page,13
http://docs.unocha.org/sites/dms/CAP/2008_Tajikistan_HFSA.pdf,Transcribe the following page,13
http://docs.unocha.org/sites/dms/CAP/2008-09_Tajikistan_HFSA.doc,Transcribe the following page,13
http://docs.unocha.org/sites/dms/CAP/2008_Pakistan_HRP.pdf,Transcribe the following page,13
http://docs.unocha.org/sites/dms/CAP/2008_Pakistan_HRP.doc,Transcribe the following page,13
http://docs.unocha.org/sites/dms/CAP/2008_JointAppeal_Djibouti.pdf,Transcribe the following page,13
http://docs.unocha.org/sites/dms/CAP/2008_JointAppeal_Djibouti.doc,Transcribe the following page,13
http://docs.unocha.org/sites/dms/CAP/MYR_2008_Sudan_WorkPlan.pdf,Transcribe the following page,13
http://docs.unocha.org/sites/dms/CAP/MYR_2008_Sudan_WorkPlan.doc,Transcribe the following page,13
http://docs.unocha.org/sites/dms/CAP/MYR_2008_Sri_Lanka_CHAP.pdf,Transcribe the following page,13
http://docs.unocha.org/sites/dms/CAP/MYR_2008_Sri_Lanka_CHAP.doc,Transcribe the following page,13
http://docs.unocha.org/sites/dms/CAP/MYR_2008_Somalia.pdf,Transcribe the following page,13
http://docs.unocha.org/sites/dms/CAP/MYR_2008_Somalia.doc,Transcribe the following page,13
http://docs.unocha.org/sites/dms/CAP/MYR_2008_oPt.pdf,Transcribe the following page,13
http://docs.unocha.org/sites/dms/CAP/MYR_2008_oPt.doc,Transcribe the following page,13
http://docs.unocha.org/sites/dms/CAP/MYR_2008_Nepal_Common_Appeal.pdf,Transcribe the following page,13
http://docs.unocha.org/sites/dms/CAP/MYR_2008_Nepal_Common_Appeal.doc,Transcribe the following page,13
http://docs.unocha.org/sites/dms/CAP/MYR_2008_Zimbabwe.pdf,Transcribe the following page,13
http://docs.unocha.org/sites/dms/CAP/MYR_2008_Zimbabwe.doc,Transcribe the following page,13
http://docs.unocha.org/sites/dms/CAP/MYR_2008_WestAfrica.pdf,Transcribe the following page,13
http://docs.unocha.org/sites/dms/CAP/MYR_2008_WestAfrica.doc,Transcribe the following page,13
http://docs.unocha.org/sites/dms/CAP/MYR_2008_Uganda.pdf,Transcribe the following page,13
http://docs.unocha.org/sites/dms/CAP/MYR_2008_Uganda.doc,Transcribe the following page,13
http://docs.unocha.org/sites/dms/CAP/MYR_2008_Iraq.pdf,Transcribe the following page,13
http://docs.unocha.org/sites/dms/CAP/MYR_2008_Iraq.doc,Transcribe the following page,13
http://docs.unocha.org/sites/dms/CAP/MYR_2008_CAR.pdf,Transcribe the following page,13
http://docs.unocha.org/sites/dms/CAP/MYR_2008_CAR.doc,Transcribe the following page,13
http://docs.unocha.org/sites/dms/CAP/MYR_2008_DRC_ActionPlan.pdf,Transcribe the following page,13
http://docs.unocha.org/sites/dms/CAP/MYR_2008_DRC_ActionPlan.doc,Transcribe the following page,13
http://docs.unocha.org/sites/dms/CAP/MYR_2008_CdIvoire.pdf,Transcribe the following page,13
http://docs.unocha.org/sites/dms/CAP/MYR_2008_CdIvoire.doc,Transcribe the following page,13
http://docs.unocha.org/sites/dms/CAP/MYR_2008_Chad.pdf,Transcribe the following page,13
http://docs.unocha.org/sites/dms/CAP/MYR_2008_Chad.doc,Transcribe the following page,13
http://docs.unocha.org/sites/dms/CAP/2008_Afghanistan_JointEmergencyAppeal.pdf,Transcribe the following page,13
http://docs.unocha.org/sites/dms/CAP/2008_TimorLeste_TSA.pdf,Transcribe the following page,13
http://docs.unocha.org/sites/dms/CAP/2008_TimorLeste_TSA.doc,Transcribe the following page,13
http://docs.unocha.org/sites/dms/CAP/Revision_2008_Kenya_EHRP_VOL1.pdf,Transcribe the following page,13
http://docs.unocha.org/sites/dms/CAP/Revision_2008_Kenya_EHRP_VOL1.doc,Transcribe the following page,13
http://docs.unocha.org/sites/dms/CAP/2008_Liberia_CHG.pdf,Transcribe the following page,13
http://docs.unocha.org/sites/dms/CAP/2008_Liberia_CHG.doc,Transcribe the following page,13
http://docs.unocha.org/sites/dms/CAP/CHAP_2008_Sri_Lanka_VOL1.pdf,Transcribe the following page,13
http://docs.unocha.org/sites/dms/CAP/CHAP_2008_Sri_Lanka_VOL1.doc,Transcribe the following page,13
http://docs.unocha.org/sites/dms/CAP/CAP_2008_Iraq_VOL1.pdf,Transcribe the following page,13
http://docs.unocha.org/sites/dms/CAP/CAP_2008_Iraq_VOL1.doc,Transcribe the following page,13
http://docs.unocha.org/sites/dms/CAP/2008_Southern_African_Region_PRP.pdf,Transcribe the following page,13
http://docs.unocha.org/sites/dms/CAP/2008_Southern_African_Region_PRP.doc,Transcribe the following page,13
http://docs.unocha.org/sites/dms/CAP/2008_Afghanistan_JointAppeal.pdf,Transcribe the following page,13
http://docs.unocha.org/sites/dms/CAP/2008_Afghanistan_JointAppeal.doc,Transcribe the following page,13
http://docs.unocha.org/sites/dms/CAP/2008_Kenya_EHRP.pdf,Transcribe the following page,13
http://docs.unocha.org/sites/dms/CAP/2008_Kenya_EHRP.doc,Transcribe the following page,13
http://docs.unocha.org/sites/dms/CAP/2008_Nepal_Common_Appeal_VOL1.pdf,Transcribe the following page,13
http://docs.unocha.org/sites/dms/CAP/2008_Nepal_Common_Appeal_VOL1.doc,Transcribe the following page,13
http://docs.unocha.org/sites/dms/CAP/2008_Nepal_Common_Appeal_VOL1.pdf,Transcribe the following page,13
http://docs.unocha.org/sites/dms/CAP/2008_Nepal_Common_Appeal_VOL1.doc,Transcribe the following page,13
http://docs.unocha.org/sites/dms/CAP/2008_Sudan_Workplan_VOL1.pdf,Transcribe the following page,13
http://docs.unocha.org/sites/dms/CAP/CAP_2008_Somalia_VOL1.pdf,Transcribe the following page,13
http://docs.unocha.org/sites/dms/CAP/CAP_2008_Somalia_VOL1.doc,Transcribe the following page,13
http://docs.unocha.org/sites/dms/CAP/CAP_2008_oPt_VOL1.pdf,Transcribe the following page,13
http://docs.unocha.org/sites/dms/CAP/CAP_2008_oPt_VOL1.doc,Transcribe the following page,13
http://docs.unocha.org/sites/dms/CAP/CAP_2008_Zimbabwe_VOL1.pdf,Transcribe the following page,13
http://docs.unocha.org/sites/dms/CAP/CAP_2008_Zimbabwe_VOL1.doc,Transcribe the following page,13
http://docs.unocha.org/sites/dms/CAP/CAP_2008_WestAfrica_VOL1.pdf,Transcribe the following page,13
http://docs.unocha.org/sites/dms/CAP/CAP_2008_WestAfrica_VOL1.doc,Transcribe the following page,13
http://docs.unocha.org/sites/dms/CAP/CAP_2008_Uganda_VOL1.pdf,Transcribe the following page,13
http://docs.unocha.org/sites/dms/CAP/CAP_2008_Uganda_VOL1.doc,Transcribe the following page,13
http://docs.unocha.org/sites/dms/CAP/2008_DRC_ActionPlan_FR.pdf,Transcribe the following page,13
http://docs.unocha.org/sites/dms/CAP/2008_DRC_ActionPlan_FR.doc,Transcribe the following page,13
http://docs.unocha.org/sites/dms/CAP/CAP_2008_CdIvoire.pdf,Transcribe the following page,13
http://docs.unocha.org/sites/dms/CAP/CAP_2008_CdIvoire.doc,Transcribe the following page,13
http://docs.unocha.org/sites/dms/CAP/CAP_2008_Chad_FR_VOL1.pdf,Transcribe the following page,13
http://docs.unocha.org/sites/dms/CAP/CAP_2008_Chad_FR_VOL1.doc,Transcribe the following page,13
http://docs.unocha.org/sites/dms/CAP/CAP_2008_CAR_VOL1.pdf,Transcribe the following page,13
http://docs.unocha.org/sites/dms/CAP/CAP_2008_CAR_VOL1.doc,Transcribe the following page,13
http://docs.unocha.org/sites/dms/CAP/Flash_2007_Ghana.pdf,Transcribe the following page,13
http://docs.unocha.org/sites/dms/CAP/Flash_2007_Ghana.doc,Transcribe the following page,13
http://docs.unocha.org/sites/dms/CAP/2007_UNCAPAHI_Review.pdf,Transcribe the following page,13
http://docs.unocha.org/sites/dms/CAP/Flash_2007_Uganda.pdf,Transcribe the following page,13
http://docs.unocha.org/sites/dms/CAP/Flash_2007_Uganda.doc,Transcribe the following page,13
http://docs.unocha.org/sites/dms/CAP/MYR_2007_Liberia_CHAP.pdf,Transcribe the following page,13
http://docs.unocha.org/sites/dms/CAP/MYR_2007_Liberia_CHAP.doc,Transcribe the following page,13
http://docs.unocha.org/sites/dms/CAP/MYR_2007_CAR.pdf,Transcribe the following page,13
http://docs.unocha.org/sites/dms/CAP/MYR_2007_CAR.doc,Transcribe the following page,13
http://docs.unocha.org/sites/dms/CAP/MYR_2007_Burundi.pdf,Transcribe the following page,13
http://docs.unocha.org/sites/dms/CAP/MYR_2007_Burundi.doc,Transcribe the following page,13
http://docs.unocha.org/sites/dms/CAP/MYR_2007_GLR.pdf,Transcribe the following page,13
http://docs.unocha.org/sites/dms/CAP/MYR_2007_GLR.pdf,Transcribe the following page,13
http://docs.unocha.org/sites/dms/CAP/MYR_2007_Zimbabwe.pdf,Transcribe the following page,13
http://docs.unocha.org/sites/dms/CAP/MYR_2007_Zimbabwe.doc,Transcribe the following page,13
http://docs.unocha.org/sites/dms/CAP/MYR_2007_DRC_ActionPlan.doc,Transcribe the following page,13
http://docs.unocha.org/sites/dms/CAP/MYR_2007_DRC_ActionPlan.doc,Transcribe the following page,13
http://docs.unocha.org/sites/dms/CAP/MYR_2007_Nepal_Common_Appeal.pdf,Transcribe the following page,13
http://docs.unocha.org/sites/dms/CAP/MYR_2007_Nepal_Common_Appeal.doc,Transcribe the following page,13
http://docs.unocha.org/sites/dms/CAP/MYR_2007_WestAfrica.pdf,Transcribe the following page,13
http://docs.unocha.org/sites/dms/CAP/MYR_2007_WestAfrica.doc,Transcribe the following page,13
http://docs.unocha.org/sites/dms/CAP/MYR_2007_Uganda.pdf,Transcribe the following page,13
http://docs.unocha.org/sites/dms/CAP/MYR_2007_Uganda.doc,Transcribe the following page,13
http://docs.unocha.org/sites/dms/CAP/MYR_2007_Timor-Leste.pdf,Transcribe the following page,13
http://docs.unocha.org/sites/dms/CAP/MYR_2007_Timor-Leste.doc,Transcribe the following page,13
http://docs.unocha.org/sites/dms/CAP/MYR_2007_RoC_FR.pdf,Transcribe the following page,13
http://docs.unocha.org/sites/dms/CAP/MYR_2007_RoC_FR.doc,Transcribe the following page,13
http://docs.unocha.org/sites/dms/CAP/MYR_2007_oPt.pdf,Transcribe the following page,13
http://docs.unocha.org/sites/dms/CAP/MYR_2007_oPt.doc,Transcribe the following page,13
http://docs.unocha.org/sites/dms/CAP/MYR_2007_Sri_Lanka_CHAP.pdf,Transcribe the following page,13
http://docs.unocha.org/sites/dms/CAP/MYR_2007_Sri_Lanka_CHAP.doc,Transcribe the following page,13
http://docs.unocha.org/sites/dms/CAP/MYR_2007_CdIvoire.pdf,Transcribe the following page,13
http://docs.unocha.org/sites/dms/CAP/MYR_2007_CdIvoire.doc,Transcribe the following page,13
http://docs.unocha.org/sites/dms/CAP/MYR_2007_Chad.pdf,Transcribe the following page,13
http://docs.unocha.org/sites/dms/CAP/MYR_2007_Chad.doc,Transcribe the following page,13
http://docs.unocha.org/sites/dms/CAP/Revision_2007_Chad.pdf,Transcribe the following page,13
http://docs.unocha.org/sites/dms/CAP/Revision_2007_Chad.doc,Transcribe the following page,13
http://docs.unocha.org/sites/dms/CAP/2007_Cluster_Appeal.pdf,Transcribe the following page,13
http://docs.unocha.org/sites/dms/CAP/2007_Cluster_Appeal.doc,Transcribe the following page,13
http://docs.unocha.org/sites/dms/CAP/Revision_2007_Somalia_VOL1.pdf,Transcribe the following page,13
http://docs.unocha.org/sites/dms/CAP/Revision_2007_Somalia_VOL1.doc,Transcribe the following page,13
http://docs.unocha.org/sites/dms/CAP/2007_Nepal_Common_Appeal.pdf,Transcribe the following page,13
http://docs.unocha.org/sites/dms/CAP/MYR_2007_Nepal_Common_Appeal.doc,Transcribe the following page,13
http://docs.unocha.org/sites/dms/CAP/CHAP_2007_Liberia.pdf,Transcribe the following page,13
http://docs.unocha.org/sites/dms/CAP/CHAP_2007_Liberia.doc,Transcribe the following page,13
http://docs.unocha.org/sites/dms/CAP/2007_JGHPA_Ethiopia.pdf,Transcribe the following page,13
http://docs.unocha.org/sites/dms/CAP/2007_JGDPA_Rwanda.pdf,Transcribe the following page,13
http://docs.unocha.org/sites/dms/CAP/2007_JGDPA_Rwanda.doc,Transcribe the following page,13
http://docs.unocha.org/sites/dms/CAP/CAP_2007_Timor-Leste.pdf,Transcribe the following page,13
http://docs.unocha.org/sites/dms/CAP/CAP_2007_Timor-Leste.doc,Transcribe the following page,13
http://docs.unocha.org/sites/dms/CAP/CHAP_2007_Sri_Lanka.pdf,Transcribe the following page,13
http://docs.unocha.org/sites/dms/CAP/CHAP_2007_Sri_Lanka.doc,Transcribe the following page,13
http://docs.unocha.org/sites/dms/CAP/2007_Haiti_Transitional_Appeal_FR.pdf,Transcribe the following page,13
http://docs.unocha.org/sites/dms/CAP/2007_Haiti_Transitional_Appeal_FR.doc,Transcribe the following page,13
http://docs.unocha.org/sites/dms/CAP/2007_Sudan_Workplan_VOL1.pdf,Transcribe the following page,13
http://docs.unocha.org/sites/dms/CAP/2007_NCaucasusRF_WorkPlan.pdf,Transcribe the following page,13
http://docs.unocha.org/sites/dms/CAP/CAP_2007_CAR.pdf,Transcribe the following page,13
http://docs.unocha.org/sites/dms/CAP/CAP_2007_CAR.doc,Transcribe the following page,13
http://docs.unocha.org/sites/dms/CAP/CAP_2007_Burundi_VOL1.pdf,Transcribe the following page,13
http://docs.unocha.org/sites/dms/CAP/CAP_2007_Burundi_VOL1.doc,Transcribe the following page,13
http://docs.unocha.org/sites/dms/CAP/CAP_2007_GLR.pdf,Transcribe the following page,13
http://docs.unocha.org/sites/dms/CAP/CAP_2007_GLR.doc,Transcribe the following page,13
http://docs.unocha.org/sites/dms/CAP/CAP_2007_Somalia_VOL1.pdf,Transcribe the following page,13
http://docs.unocha.org/sites/dms/CAP/CAP_2007_Somalia_VOL1.doc,Transcribe the following page,13
http://docs.unocha.org/sites/dms/CAP/CAP_2007_Zimbabwe_VOL1.pdf,Transcribe the following page,13
http://docs.unocha.org/sites/dms/CAP/CAP_2007_Zimbabwe_VOL1.doc,Transcribe the following page,13
http://docs.unocha.org/sites/dms/CAP/2007_DRC_ActionPlan_FR.pdf,Transcribe the following page,13
http://docs.unocha.org/sites/dms/CAP/MYR_2007_DRC_ActionPlan.doc,Transcribe the following page,13
http://docs.unocha.org/sites/dms/CAP/CAP_2007_WestAfrica_VOL1.pdf,Transcribe the following page,13
http://docs.unocha.org/sites/dms/CAP/CAP_2007_WestAfrica_VOL1.doc,Transcribe the following page,13
http://docs.unocha.org/sites/dms/CAP/CAP_2007_Uganda_VOL1.pdf,Transcribe the following page,13
http://docs.unocha.org/sites/dms/CAP/CAP_2007_Uganda_VOL1.doc,Transcribe the following page,13
http://docs.unocha.org/sites/dms/CAP/CAP_2007_oPt_VOL1.pdf,Transcribe the following page,13
http://docs.unocha.org/sites/dms/CAP/CAP_2007_oPt_VOL1.doc,Transcribe the following page,13
http://docs.unocha.org/sites/dms/CAP/CAP_2007_Chad_VOL1.pdf,Transcribe the following page,13
http://docs.unocha.org/sites/dms/CAP/CAP_2007_Chad_VOL1.doc,Transcribe the following page,13
http://docs.unocha.org/sites/dms/CAP/CAP_2007_Chad_VOL1.pdf,Transcribe the following page,13
http://docs.unocha.org/sites/dms/CAP/CAP_2007_CdIvoire_VOL1.doc,Transcribe the following page,13
http://docs.unocha.org/sites/dms/CAP/MYR_2006_Sudan_Workplan.pdf,Transcribe the following page,13
http://docs.unocha.org/sites/dms/CAP/MYR_2006_Sudan_Workplan.doc,Transcribe the following page,13
http://docs.unocha.org/sites/dms/CAP/MYR_2006_CdIvoire.pdf,Transcribe the following page,13
http://docs.unocha.org/sites/dms/CAP/MYR_2006_CdIvoire.doc,Transcribe the following page,13
http://docs.unocha.org/sites/dms/CAP/MYR_2006_Chad.pdf,Transcribe the following page,13
http://docs.unocha.org/sites/dms/CAP/MYR_2006_Chad.doc,Transcribe the following page,13
http://docs.unocha.org/sites/dms/CAP/MYR_2006_Burundi.pdf,Transcribe the following page,13
http://docs.unocha.org/sites/dms/CAP/MYR_2006_Burundi.doc,Transcribe the following page,13
http://docs.unocha.org/sites/dms/CAP/Revision_2006_oPt.pdf,Transcribe the following page,13
http://docs.unocha.org/sites/dms/CAP/Revision_2006_oPt.doc,Transcribe the following page,13
http://docs.unocha.org/sites/dms/CAP/MYR_2006_DRC_ActionPlan.pdf,Transcribe the following page,13
http://docs.unocha.org/sites/dms/CAP/MYR_2006_DRC_ActionPlan.doc,Transcribe the following page,13
http://docs.unocha.org/sites/dms/CAP/MYR_2006_Humanitarian_Appeal.pdf,Transcribe the following page,13
http://docs.unocha.org/sites/dms/CAP/MYR_2006_Humanitarian_Appeal.doc,Transcribe the following page,13
http://docs.unocha.org/sites/dms/CAP/MYR_2006_Zimbabwe.pdf,Transcribe the following page,13
http://docs.unocha.org/sites/dms/CAP/MYR_2006_Zimbabwe.doc,Transcribe the following page,13
http://docs.unocha.org/sites/dms/CAP/MYR_2006_WestAfrica.pdf,Transcribe the following page,13
http://docs.unocha.org/sites/dms/CAP/MYR_2006_WestAfrica.doc,Transcribe the following page,13
http://docs.unocha.org/sites/dms/CAP/MYR_2006_RoC_FR_SCREEN.pdf,Transcribe the following page,13
http://docs.unocha.org/sites/dms/CAP/MYR_2006_RoC_FR.doc,Transcribe the following page,13
http://docs.unocha.org/sites/dms/CAP/MYR_2006_CAR_FR.pdf,Transcribe the following page,13
http://docs.unocha.org/sites/dms/CAP/MYR_2006_CAR_FR.doc,Transcribe the following page,13
http://docs.unocha.org/sites/dms/CAP/Revision_2006_NCaucasus_Workplan.pdf,Transcribe the following page,13
http://docs.unocha.org/sites/dms/CAP/Revision_2006_NCaucasus_Workplan.doc,Transcribe the following page,13
http://docs.unocha.org/sites/dms/CAP/MYR_2005-2006_Nepal.pdf,Transcribe the following page,13
http://docs.unocha.org/sites/dms/CAP/MYR_2005-2006_Nepal.doc,Transcribe the following page,13
http://docs.unocha.org/sites/dms/CAP/MYR_2006_Liberia.pdf,Transcribe the following page,13
http://docs.unocha.org/sites/dms/CAP/MYR_2006_Liberia.doc,Transcribe the following page,13
http://docs.unocha.org/sites/dms/CAP/MYR_2006_Guinea.pdf,Transcribe the following page,13
http://docs.unocha.org/sites/dms/CAP/MYR_2006_Guinea.doc,Transcribe the following page,13
http://docs.unocha.org/sites/dms/CAP/MYR_2006_GLR.pdf,Transcribe the following page,13
http://docs.unocha.org/sites/dms/CAP/MYR_2006_GLR.doc,Transcribe the following page,13
http://docs.unocha.org/sites/dms/CAP/Revision_2006_Uganda.pdf,Transcribe the following page,13
http://docs.unocha.org/sites/dms/CAP/Revision_2006_Uganda.doc,Transcribe the following page,13
http://docs.unocha.org/sites/dms/CAP/CAP_2006_HornOfAfrica.pdf,Transcribe the following page,13
http://docs.unocha.org/sites/dms/CAP/CAP_2006_HornOfAfrica.doc,Transcribe the following page,13
http://docs.unocha.org/sites/dms/CAP/Revision_2006_WestAfrica_ENG.pdf,Transcribe the following page,13
http://docs.unocha.org/sites/dms/CAP/Revision_2006_WestAfrica_ENG.doc,Transcribe the following page,13
http://docs.unocha.org/sites/dms/CAP/Revision_2006_Somalia.pdf,Transcribe the following page,13
http://docs.unocha.org/sites/dms/CAP/Revision_2006_Somalia.doc,Transcribe the following page,13
http://docs.unocha.org/sites/dms/CAP/2006_DRC_ActionPlan.pdf,Transcribe the following page,13
http://docs.unocha.org/sites/dms/CAP/2006_DRC_ActionPlan.doc,Transcribe the following page,13
http://docs.unocha.org/sites/dms/CAP/CAP_2007_RoC_FR_VOL1.pdf,Transcribe the following page,13
http://docs.unocha.org/sites/dms/CAP/CAP_2007_RoC_FR_VOL1.doc,Transcribe the following page,13
http://docs.unocha.org/sites/dms/CAP/CAP_2006_Uganda.pdf,Transcribe the following page,13
http://docs.unocha.org/sites/dms/CAP/CAP_2006_Uganda.doc,Transcribe the following page,13
http://docs.unocha.org/sites/dms/CAP/CAP_2006_Somalia.pdf,Transcribe the following page,13
http://docs.unocha.org/sites/dms/CAP/CAP_2006_Somalia.doc,Transcribe the following page,13
http://docs.unocha.org/sites/dms/CAP/CAP_2006_Guinea.pdf,Transcribe the following page,13
http://docs.unocha.org/sites/dms/CAP/CAP_2006_Guinea.doc,Transcribe the following page,13
http://docs.unocha.org/sites/dms/CAP/CAP_2006_CdIvoire.pdf,Transcribe the following page,13
http://docs.unocha.org/sites/dms/CAP/CAP_2006_CdIvoire.doc,Transcribe the following page,13
http://docs.unocha.org/sites/dms/CAP/CAP_2006_GLR.pdf,Transcribe the following page,13
http://docs.unocha.org/sites/dms/CAP/CAP_2006_GLR.doc,Transcribe the following page,13
http://docs.unocha.org/sites/dms/CAP/CAP_2006_Burundi.pdf,Transcribe the following page,13
http://docs.unocha.org/sites/dms/CAP/CAP_2006_Burundi.doc,Transcribe the following page,13
http://docs.unocha.org/sites/dms/CAP/CAP_2006_Chad_ENG.pdf,Transcribe the following page,13
http://docs.unocha.org/sites/dms/CAP/CAP_2006_Chad_ENG.doc,Transcribe the following page,13
http://docs.unocha.org/sites/dms/CAP/CAP_2006_RoC_FR.pdf,Transcribe the following page,13
http://docs.unocha.org/sites/dms/CAP/CAP_2006_RoC_FR.doc,Transcribe the following page,13
http://docs.unocha.org/sites/dms/CAP/2006_Sudan_Workplan.pdf,Transcribe the following page,13
http://docs.unocha.org/sites/dms/CAP/CAP_2006_CAR_FR.pdf,Transcribe the following page,13
http://docs.unocha.org/sites/dms/CAP/CAP_2006_CAR_FR.doc,Transcribe the following page,13
http://docs.unocha.org/sites/dms/CAP/CAP_2006_Zimbabwe.pdf,Transcribe the following page,13
http://docs.unocha.org/sites/dms/CAP/CAP_2006_Zimbabwe.doc,Transcribe the following page,13
http://docs.unocha.org/sites/dms/CAP/CAP_2006_oPt.pdf,Transcribe the following page,13
http://docs.unocha.org/sites/dms/CAP/CAP_2006_oPt.doc,Transcribe the following page,13
http://docs.unocha.org/sites/dms/CAP/CAP_2006_Humanitarian_Appeal.pdf,Transcribe the following page,13
http://docs.unocha.org/sites/dms/CAP/CAP_2006_Humanitarian_Appeal.doc,Transcribe the following page,13
http://docs.unocha.org/sites/dms/CAP/CAP_2006_Liberia.pdf,Transcribe the following page,13
http://docs.unocha.org/sites/dms/CAP/CAP_2006_Liberia.doc,Transcribe the following page,13
http://docs.unocha.org/sites/dms/CAP/CAP_2006_WestAfrica.pdf,Transcribe the following page,13
http://docs.unocha.org/sites/dms/CAP/CAP_2006_WestAfrica.doc,Transcribe the following page,13
http://docs.unocha.org/sites/dms/CAP/CAP_2005-2006_Nepal.pdf,Transcribe the following page,13
http://docs.unocha.org/sites/dms/CAP/CAP_2005-2006_Nepal.doc,Transcribe the following page,13
http://docs.unocha.org/sites/dms/CAP/MYR_2005_RoC.pdf,Transcribe the following page,13
http://docs.unocha.org/sites/dms/CAP/MYR_2005_RoC.doc,Transcribe the following page,13
http://docs.unocha.org/sites/dms/CAP/MYR_2005_Chad_FR.pdf,Transcribe the following page,13
http://docs.unocha.org/sites/dms/CAP/MYR_2005_Chad_FR.doc,Transcribe the following page,13
http://docs.unocha.org/sites/dms/CAP/MYR_2005_oPt.pdf,Transcribe the following page,13
http://docs.unocha.org/sites/dms/CAP/MYR_2005_oPt.doc,Transcribe the following page,13
http://docs.unocha.org/sites/dms/CAP/MYR_2005_Guinea.pdf,Transcribe the following page,13
http://docs.unocha.org/sites/dms/CAP/MYR_2005_Guinea.doc,Transcribe the following page,13
http://docs.unocha.org/sites/dms/CAP/MYR_2005_GLR.pdf,Transcribe the following page,13
http://docs.unocha.org/sites/dms/CAP/MYR_2005_GLR.doc,Transcribe the following page,13
http://docs.unocha.org/sites/dms/CAP/MYR_2005_Eritrea.pdf,Transcribe the following page,13
http://docs.unocha.org/sites/dms/CAP/MYR_2005_Eritrea.doc,Transcribe the following page,13
http://docs.unocha.org/sites/dms/CAP/MYR_2005_DRC_FR.pdf,Transcribe the following page,13
http://docs.unocha.org/sites/dms/CAP/MYR_2005_DRC_FR.doc,Transcribe the following page,13
http://docs.unocha.org/sites/dms/CAP/MYR_2005_CdIvoire.pdf,Transcribe the following page,13
http://docs.unocha.org/sites/dms/CAP/MYR_2005_CdIvoire.doc,Transcribe the following page,13
http://docs.unocha.org/sites/dms/CAP/MYR_2005_Chechnya.pdf,Transcribe the following page,13
http://docs.unocha.org/sites/dms/CAP/MYR_2005_Chechnya.doc,Transcribe the following page,13
http://docs.unocha.org/sites/dms/CAP/MYR_2005_Chad_ENG.pdf,Transcribe the following page,13
http://docs.unocha.org/sites/dms/CAP/MYR_2005_Chad_ENG.doc,Transcribe the following page,13
http://docs.unocha.org/sites/dms/CAP/MYR_2005_CAR_FR.pdf,Transcribe the following page,13
http://docs.unocha.org/sites/dms/CAP/MYR_2005_CAR_FR.doc,Transcribe the following page,13
http://docs.unocha.org/sites/dms/CAP/MYR_2005_Burundi.pdf,Transcribe the following page,13
http://docs.unocha.org/sites/dms/CAP/MYR_2005_Burundi.doc,Transcribe the following page,13
http://docs.unocha.org/sites/dms/CAP/MYR_2005_WestAfrica.pdf,Transcribe the following page,13
http://docs.unocha.org/sites/dms/CAP/MYR_2005_WestAfrica.doc,Transcribe the following page,13
http://docs.unocha.org/sites/dms/CAP/MYR_2005_Uganda.pdf,Transcribe the following page,13
http://docs.unocha.org/sites/dms/CAP/MYR_2005_Uganda.doc,Transcribe the following page,13
http://docs.unocha.org/sites/dms/CAP/MYR_2005_Humanitarian_Appeal.pdf,Transcribe the following page,13
http://docs.unocha.org/sites/dms/CAP/Revision_2005_Sudan_Workplan.pdf,Transcribe the following page,13
http://docs.unocha.org/sites/dms/CAP/MYR_2005_Somalia.pdf,Transcribe the following page,13
http://docs.unocha.org/sites/dms/CAP/MYR_2005_Somalia.doc,Transcribe the following page,13
http://docs.unocha.org/sites/dms/CAP/Revision_2005_WestAfrica.pdf,Transcribe the following page,13
http://docs.unocha.org/sites/dms/CAP/Revision_2005_WestAfrica.doc,Transcribe the following page,13
http://docs.unocha.org/sites/dms/CAP/CAP_2005_Chad_ENG.pdf,Transcribe the following page,13
http://docs.unocha.org/sites/dms/CAP/CAP_2005_Chad_ENG.doc,Transcribe the following page,13
http://docs.unocha.org/sites/dms/CAP/CAP_2005_CdIvoire_ADDENDUM.pdf,Transcribe the following page,13
http://docs.unocha.org/sites/dms/CAP/CAP_2005_CdIvoire_ADDENDUM.doc,Transcribe the following page,13
http://docs.unocha.org/sites/dms/CAP/2005_Sudan_Workplan.pdf,Transcribe the following page,13
http://docs.unocha.org/sites/dms/CAP/CAP_2005_Chad_FR.pdf,Transcribe the following page,13
http://docs.unocha.org/sites/dms/CAP/CAP_2005_Chad_FR.doc,Transcribe the following page,13
http://docs.unocha.org/sites/dms/CAP/Revision_2013-2014_Philippines_Bohol_Earthquake_Action_Plan.pdf,Transcribe the following page,13
http://docs.unocha.org/sites/dms/CAP/Revision_2013-2014_Philippines_Bohol_Earthquake_Action_Plan.docx,Transcribe the following page,13
http://docs.unocha.org/sites/dms/CAP/2013_Philippines_Typhoon_Haiyan_Action_Plan.pdf,Transcribe the following page,13
http://docs.unocha.org/sites/dms/CAP/2013_Philippines_Typhoon_Haiyan_Action_Plan.docx,Transcribe the following page,13
http://docs.unocha.org/sites/dms/CAP/2013_Philippines_Bohol_Earthquake_Action_Plan.pdf,Transcribe the following page,13
http://docs.unocha.org/sites/dms/CAP/Revision_2012_Haiti_Hurricane_Sandy.pdf,Transcribe the following page,13
http://docs.unocha.org/sites/dms/CAP/Revision_2012_Haiti_Hurricane_Sandy.docx,Transcribe the following page,13
http://docs.unocha.org/sites/dms/CAP/Flash_2012_Lesotho.pdf,Transcribe the following page,13
http://docs.unocha.org/sites/dms/CAP/Flash_2012_Lesotho.docx,Transcribe the following page,13
http://docs.unocha.org/sites/dms/CAP/Revision_2011_Nicaragua_FA.pdf,Transcribe the following page,13
http://docs.unocha.org/sites/dms/CAP/Flash_2011_Nicaragua_SCREEN.pdf,Transcribe the following page,13
http://docs.unocha.org/sites/dms/CAP/Flash_2011_El_Salvador_SCREEN.pdf,Transcribe the following page,13
http://docs.unocha.org/sites/dms/CAP/Flash_2011_Pakistan_Floods_SCREEN.pdf,Transcribe the following page,13
http://docs.unocha.org/sites/dms/CAP/Revision_2011_Namibia_FA_SCREEN.pdf,Transcribe the following page,13
http://docs.unocha.org/sites/dms/CAP/Revision_2011_Libyan_Crisis_FA_SCREEN_IJAPLU.pdf,Transcribe the following page,13
http://docs.unocha.org/sites/dms/CAP/Flash_2011_Namibia_SCREEN.pdf,Transcribe the following page,13
http://docs.unocha.org/sites/dms/CAP/Revision_2011_Sri_Lanka_FA_SCREEN.pdf,Transcribe the following page,13
http://docs.unocha.org/sites/dms/CAP/Flash_2011_Libyan_Crisis_SCREEN.pdf,Transcribe the following page,13
http://docs.unocha.org/sites/dms/CAP/Flash_2011_Sri_Lanka_SCREEN.pdf,Transcribe the following page,13
http://docs.unocha.org/sites/dms/CAP/Revision_2010_Kyrgyzstan_FA_Nov_SCREEN.pdf,Transcribe the following page,13
http://docs.unocha.org/sites/dms/CAP/Revision_2010_Pakistan_FRERRP_SCREEN.pdf,Transcribe the following page,13
http://docs.unocha.org/sites/dms/CAP/Revision_2010_Guatemala_FA_SCREEN.pdf,Transcribe the following page,13
http://docs.unocha.org/sites/dms/CAP/2010_Pakistan_PHRP_SCREEN.pdf,Transcribe the following page,13
http://docs.unocha.org/sites/dms/CAP/Revision_2010_Kyrgyzstan_FA_SCREEN.pdf,Transcribe the following page,13
http://docs.unocha.org/sites/dms/CAP/MYR_2010_Haiti_FA_SCREEN.pdf,Transcribe the following page,13
http://docs.unocha.org/sites/dms/CAP/Flash_2010_Kyrgyzstan_SCREEN.pdf,Transcribe the following page,13
http://docs.unocha.org/sites/dms/CAP/Flash_2010_Guatemala_SCREEN.pdf,Transcribe the following page,13
http://docs.unocha.org/sites/dms/CAP/2010_Mongolia_DzudAppeal_SCREEN.pdf,Transcribe the following page,13
http://docs.unocha.org/sites/dms/CAP/2010_Guatemala_FoodInsecurity_SCREEN.pdf,Transcribe the following page,13
http://docs.unocha.org/sites/dms/CAP/Revision_2010_El_Salvador_FA_SCREEN.pdf,Transcribe the following page,13
http://docs.unocha.org/sites/dms/CAP/Revision_2010_Haiti_FA_SCREEN.pdf,Transcribe the following page,13
http://docs.unocha.org/sites/dms/CAP/Flash_2010_Haiti_SCREEN.pdf,Transcribe the following page,13
http://docs.unocha.org/sites/dms/CAP/Flash_2009_El_Salvador.pdf,Transcribe the following page,13
http://docs.unocha.org/sites/dms/CAP/Flash_2009_El_Salvador.doc,Transcribe the following page,13
http://docs.unocha.org/sites/dms/CAP/Revision_2009_Lao_PDR_FA_SCREEN.pdf,Transcribe the following page,13
http://docs.unocha.org/sites/dms/CAP/Revision_2009_Lao_PDR_FA.doc,Transcribe the following page,13
http://docs.unocha.org/sites/dms/CAP/Flash_2009_Lao_PDR_SCREEN.pdf,Transcribe the following page,13
http://docs.unocha.org/sites/dms/CAP/Flash_2009_Lao_PDR.doc,Transcribe the following page,13
http://docs.unocha.org/sites/dms/CAP/Revision_2009_Philippines_FA_SCREEN.pdf,Transcribe the following page,13
http://docs.unocha.org/sites/dms/CAP/Revision_2009_Philippines_FA.doc,Transcribe the following page,13
http://docs.unocha.org/sites/dms/CAP/Flash_2009_Philippines_SCREEN.pdf,Transcribe the following page,13
http://docs.unocha.org/sites/dms/CAP/Flash_2009_Philippines.doc,Transcribe the following page,13
http://docs.unocha.org/sites/dms/CAP/Flash_2009_BurkinaFaso_SCREEN.pdf,Transcribe the following page,13
http://docs.unocha.org/sites/dms/CAP/Flash_2009_Burkina_Faso.doc,Transcribe the following page,13
http://docs.unocha.org/sites/dms/CAP/Flash_2009_Yemen.pdf,Transcribe the following page,13
http://docs.unocha.org/sites/dms/CAP/Flash_2009_Yemen.doc,Transcribe the following page,13
http://docs.unocha.org/sites/dms/CAP/Revision_2008-2009_Honduras_FA_SCREEN.pdf,Transcribe the following page,13
http://docs.unocha.org/sites/dms/CAP/Revision_2008-2009_Honduras_FA.doc,Transcribe the following page,13
http://docs.unocha.org/sites/dms/CAP/Revision_2008-2009_Kyrgyzstan_FA_SCREEN.pdf,Transcribe the following page,13
http://docs.unocha.org/sites/dms/CAP/Revision_2008-2009_Kyrgyzstan_FA.doc,Transcribe the following page,13
http://docs.unocha.org/sites/dms/CAP/Flash_2009_oPt_Gaza_SCREEN.pdf,Transcribe the following page,13
http://docs.unocha.org/sites/dms/CAP/Flash_2009_oPt_Gaza.doc,Transcribe the following page,13
http://docs.unocha.org/sites/dms/CAP/Revision_2008_Haiti.pdf,Transcribe the following page,13
http://docs.unocha.org/sites/dms/CAP/Revision_2008_Haiti.doc,Transcribe the following page,13
http://docs.unocha.org/sites/dms/CAP/Flash_2008_Kyrgyzstan_SCREEN.pdf,Transcribe the following page,13
http://docs.unocha.org/sites/dms/CAP/Flash_2008_Kyrgyzstan.doc,Transcribe the following page,13
http://docs.unocha.org/sites/dms/CAP/Flash_2008_Honduras.pdf,Transcribe the following page,13
http://docs.unocha.org/sites/dms/CAP/Flash_2008_Honduras.doc,Transcribe the following page,13
http://docs.unocha.org/sites/dms/CAP/Flash_2008_Haiti.pdf,Transcribe the following page,13
http://docs.unocha.org/sites/dms/CAP/Flash_2008_Haiti.doc,Transcribe the following page,13
http://docs.unocha.org/sites/dms/CAP/Revision_2008_Myanmar_FA_VOL1.pdf,Transcribe the following page,13
http://docs.unocha.org/sites/dms/CAP/Revision_2008_Myanmar_FA_VOL1.doc,Transcribe the following page,13
http://docs.unocha.org/sites/dms/CAP/Flash_2008_Myanmar.pdf,Transcribe the following page,13
http://docs.unocha.org/sites/dms/CAP/Flash_2008_Myanmar.doc,Transcribe the following page,13
http://docs.unocha.org/sites/dms/CAP/Revision_2008_Tajikistan_FA.pdf,Transcribe the following page,13
http://docs.unocha.org/sites/dms/CAP/Revision_2008_Tajikistan_FA.doc,Transcribe the following page,13
http://docs.unocha.org/sites/dms/CAP/Flash_2008_Madagascar.pdf,Transcribe the following page,13
http://docs.unocha.org/sites/dms/CAP/Flash_2008_Madagascar.doc,Transcribe the following page,13
http://docs.unocha.org/sites/dms/CAP/Flash_2008_Bolivia.pdf,Transcribe the following page,13
http://docs.unocha.org/sites/dms/CAP/Flash_2008_Bolivia.doc,Transcribe the following page,13
http://docs.unocha.org/sites/dms/CAP/Flash_2008_Tajikistan.pdf,Transcribe the following page,13
http://docs.unocha.org/sites/dms/CAP/Flash_2008_Tajikistan.doc,Transcribe the following page,13
http://docs.unocha.org/sites/dms/CAP/Revision_2007_DominicanRepublic.pdf,Transcribe the following page,13
http://docs.unocha.org/sites/dms/CAP/Revision_2007_DominicanRepublic.doc,Transcribe the following page,13
http://docs.unocha.org/sites/dms/CAP/Flash_2007_DominicanRepublic.pdf,Transcribe the following page,13
http://docs.unocha.org/sites/dms/CAP/Flash_2007_DominicanRepublic.doc,Transcribe the following page,13
http://docs.unocha.org/sites/dms/CAP/Flash_2007_BurkinaFaso.pdf,Transcribe the following page,13
http://docs.unocha.org/sites/dms/CAP/Flash_2007_BurkinaFaso.doc,Transcribe the following page,13
http://docs.unocha.org/sites/dms/CAP/Flash_2007_Nicaragua.pdf,Transcribe the following page,13
http://docs.unocha.org/sites/dms/CAP/Flash_2007_Nicaragua.doc,Transcribe the following page,13
http://docs.unocha.org/sites/dms/CAP/FLASH_2007_Sudan.pdf,Transcribe the following page,13
http://docs.unocha.org/sites/dms/CAP/FLASH_2007_Sudan.doc,Transcribe the following page,13
http://docs.unocha.org/sites/dms/CAP/Flash_2007_Dprkorea.pdf,Transcribe the following page,13
http://docs.unocha.org/sites/dms/CAP/Flash_2007_Dprkorea.doc,Transcribe the following page,13
http://docs.unocha.org/sites/dms/CAP/Flash_2007_Peru.pdf,Transcribe the following page,13
http://docs.unocha.org/sites/dms/CAP/Flash_2007_Peru.doc,Transcribe the following page,13
http://docs.unocha.org/sites/dms/CAP/Flash_2007_Lesotho.pdf,Transcribe the following page,13
http://docs.unocha.org/sites/dms/CAP/Flash_2007_Lesotho.doc,Transcribe the following page,13
http://docs.unocha.org/sites/dms/CAP/Flash_2007_Swaziland.pdf,Transcribe the following page,13
http://docs.unocha.org/sites/dms/CAP/Flash_2007_Swaziland.doc,Transcribe the following page,13
http://docs.unocha.org/sites/dms/CAP/Flash_2007_Pakistan.pdf,Transcribe the following page,13
http://docs.unocha.org/sites/dms/CAP/Flash_2007_Pakistan.doc,Transcribe the following page,13
http://docs.unocha.org/sites/dms/CAP/Revision_2007_Madagascar_Flash.pdf,Transcribe the following page,13
http://docs.unocha.org/sites/dms/CAP/Revision_2007_Madagascar_Flash.doc,Transcribe the following page,13
http://docs.unocha.org/sites/dms/CAP/Flash_2007_Zambia.pdf,Transcribe the following page,13
http://docs.unocha.org/sites/dms/CAP/Flash_2007_Zambia.doc,Transcribe the following page,13
http://docs.unocha.org/sites/dms/CAP/Flash_2007_Madagascar.pdf,Transcribe the following page,13
http://docs.unocha.org/sites/dms/CAP/Flash_2007_Madagascar.doc,Transcribe the following page,13
http://docs.unocha.org/sites/dms/CAP/Flash_2007_Mozambique.pdf,Transcribe the following page,13
http://docs.unocha.org/sites/dms/CAP/Flash_2007_Mozambique.doc,Transcribe the following page,13
http://docs.unocha.org/sites/dms/CAP/Somalia_2006_FloodsResponsePlan.pdf,Transcribe the following page,13
http://docs.unocha.org/sites/dms/CAP/Somalia_2006_FloodsResponsePlan.doc,Transcribe the following page,13
http://docs.unocha.org/sites/dms/CAP/Flash_2006_Kenya.pdf,Transcribe the following page,13
http://docs.unocha.org/sites/dms/CAP/Flash_2006_Kenya.doc,Transcribe the following page,13
http://docs.unocha.org/sites/dms/CAP/Revision_2006_Flash_LebanonCrisis.pdf,Transcribe the following page,13
http://docs.unocha.org/sites/dms/CAP/Revision_2006_Flash_LebanonCrisis.doc,Transcribe the following page,13
http://docs.unocha.org/sites/dms/CAP/Flash_2006_LebanonCrisis.pdf,Transcribe the following page,13
http://docs.unocha.org/sites/dms/CAP/Flash_2006_LebanonCrisis.doc,Transcribe the following page,13
http://docs.unocha.org/sites/dms/CAP/Revision_2006_Indonesia_Earthquake_RP.pdf,Transcribe the following page,13
http://docs.unocha.org/sites/dms/CAP/Revision_2006_Indonesia_Earthquake_RP.doc,Transcribe the following page,13
http://docs.unocha.org/sites/dms/CAP/Flash_2006_TimorLeste_v1.1.pdf,Transcribe the following page,13
http://docs.unocha.org/sites/dms/CAP/Flash_2006_TimorLeste_v1.1.doc,Transcribe the following page,13
http://docs.unocha.org/sites/dms/CAP/2006_Indonesia_Earthquake_RP.pdf,Transcribe the following page,13
http://docs.unocha.org/sites/dms/CAP/2006_Indonesia_Earthquake_RP.doc,Transcribe the following page,13
http://docs.unocha.org/sites/dms/CAP/Flash_2006_GuineaBissau.pdf,Transcribe the following page,13
http://docs.unocha.org/sites/dms/CAP/Flash_2006_GuineaBissau.doc,Transcribe the following page,13
http://docs.unocha.org/sites/dms/CAP/Flash_2005_West_and_Central_Africa.pdf,Transcribe the following page,13
http://docs.unocha.org/sites/dms/CAP/Flash_2005_West_and_Central_Africa.doc,Transcribe the following page,13
http://docs.unocha.org/sites/dms/CAP/Revision_2005_SouthAsia_Flash.pdf,Transcribe the following page,13
http://docs.unocha.org/sites/dms/CAP/Revision_2005_SouthAsia_Flash.doc,Transcribe the following page,13
http://docs.unocha.org/sites/dms/CAP/Flash_2005_SouthAsia.pdf,Transcribe the following page,13
http://docs.unocha.org/sites/dms/CAP/Flash_2005_SouthAsia.doc,Transcribe the following page,13
http://docs.unocha.org/sites/dms/CAP/Flash_2005_Guatemala.pdf,Transcribe the following page,13
http://docs.unocha.org/sites/dms/CAP/Flash_2005_Guatemala.doc,Transcribe the following page,13
http://docs.unocha.org/sites/dms/CAP/Flash_2005_Malawi.pdf,Transcribe the following page,13
http://docs.unocha.org/sites/dms/CAP/Flash_2005_Malawi.doc,Transcribe the following page,13
http://docs.unocha.org/sites/dms/CAP/Revision_2005_Niger.pdf,Transcribe the following page,13
http://docs.unocha.org/sites/dms/CAP/Revision_2005_Niger.doc,Transcribe the following page,13
http://docs.unocha.org/sites/dms/CAP/Flash_2005_Niger.pdf,Transcribe the following page,13
http://docs.unocha.org/sites/dms/CAP/Flash_2005_Niger.doc,Transcribe the following page,13
http://docs.unocha.org/sites/dms/CAP/Flash_2005_Benin_FR.pdf,Transcribe the following page,13
http://docs.unocha.org/sites/dms/CAP/Flash_2005_Benin_FR.doc,Transcribe the following page,13
http://docs.unocha.org/sites/dms/CAP/Flash_2005_Djibouti.pdf,Transcribe the following page,13
http://docs.unocha.org/sites/dms/CAP/Flash_2005_Djibouti.doc,Transcribe the following page,13
http://docs.unocha.org/sites/dms/CAP/Flash_2005_Angola.pdf,Transcribe the following page,13
http://docs.unocha.org/sites/dms/CAP/Flash_2005_Angola.doc,Transcribe the following page,13
http://docs.unocha.org/sites/dms/CAP/MTR_2005_IndianOceanTsunami.pdf,Transcribe the following page,13
http://docs.unocha.org/sites/dms/CAP/MTR_2005_IndianOceanTsunami.doc,Transcribe the following page,13
http://docs.unocha.org/sites/dms/CAP/Flash_2005_Guyana.pdf,Transcribe the following page,13
http://docs.unocha.org/sites/dms/CAP/Flash_2005_Guyana.doc,Transcribe the following page,13
http://docs.unocha.org/sites/dms/CAP/Flash_2005_IndianOceanTsunami.pdf,Transcribe the following page,13
http://docs.unocha.org/sites/dms/CAP/Flash_2005_IndianOceanTsunami.doc,Transcribe the following page,13
http://docs.unocha.org/sites/dms/CAP/100_DAY_PLAN_2014_CAR.pdf,Transcribe the following page,13
http://docs.unocha.org/sites/dms/CAP/100_DAY_PLAN_2014_CAR.docx,Transcribe the following page,13
http://docs.unocha.org/sites/dms/CAP/MYR_2013_Zimbabwe_Humanitarian_Gaps.pdf,Transcribe the following page,13
http://docs.unocha.org/sites/dms/CAP/MYR_2013_Zimbabwe_Humanitarian_Gaps.docx,Transcribe the following page,13
http://docs.unocha.org/sites/dms/CAP/MYR_2013_Sahel_Regional_Strategy.pdf,Transcribe the following page,13
http://docs.unocha.org/sites/dms/CAP/Revision_2013_Syria_RRP.pdf,Transcribe the following page,13
http://docs.unocha.org/sites/dms/CAP/Revision_2013_Syria_HARP.pdf,Transcribe the following page,13
http://docs.unocha.org/sites/dms/CAP/Revision_2012-2013_Cuba_PoA.pdf,Transcribe the following page,13
http://docs.unocha.org/sites/dms/CAP/Revision_2012-2013_Cuba_PoA.docx,Transcribe the following page,13
http://docs.unocha.org/sites/dms/CAP/2013_Syria_RRP.pdf,Transcribe the following page,13
http://docs.unocha.org/sites/dms/CAP/2013_Sahel_Regional_Strategy.pdf,Transcribe the following page,13
http://docs.unocha.org/sites/dms/CAP/2013_Syria_HARP.pdf,Transcribe the following page,13
http://docs.unocha.org/sites/dms/CAP/2013_Syria_HARP.docx,Transcribe the following page,13
http://docs.unocha.org/sites/dms/CAP/2012_Cuba_PoA.pdf,Transcribe the following page,13
http://docs.unocha.org/sites/dms/CAP/2012_Cuba_PoA.docx,Transcribe the following page,13
http://docs.unocha.org/sites/dms/CAP/SHARP_September_2012.pdf,Transcribe the following page,13
http://docs.unocha.org/sites/dms/CAP/SHARP_September_2012.docx,Transcribe the following page,13
http://docs.unocha.org/sites/dms/CAP/rapport_annuel_rdc_pah_2011.pdf,Transcribe the following page,13
http://docs.unocha.org/sites/dms/CAP/2012_FSN_Sahel_Strategy_Paper_FR.pdf,Transcribe the following page,13
http://docs.unocha.org/sites/dms/CAP/2012_SriLanka_JPA.pdf,Transcribe the following page,13
http://docs.unocha.org/sites/dms/CAP/2012_SriLanka_JPA.docx,Transcribe the following page,13
http://docs.unocha.org/sites/dms/CAP/HRD_2011_Horn_of_Africa_SCREEN.pdf,Transcribe the following page,13
http://docs.unocha.org/sites/dms/CAP/MYR_2011_Mindanao_HAP_SCREEN.pdf,Transcribe the following page,13
http://docs.unocha.org/sites/dms/CAP/MYR_2011_Iraq_RRP_SCREEN.pdf,Transcribe the following page,13
http://docs.unocha.org/sites/dms/CAP/2011_SriLanka_JPfANP_SCREEN.pdf,Transcribe the following page,13
http://docs.unocha.org/sites/dms/CAP/2011_Mindanao_HAP_SCREEN.pdf,Transcribe the following page,13
http://docs.unocha.org/sites/dms/CAP/2011_Iraq_RRP_SCREEN.pdf,Transcribe the following page,13
http://docs.unocha.org/sites/dms/CAP/2011_Yemen_HRP_SCREEN.pdf,Transcribe the following page,13
http://docs.unocha.org/sites/dms/CAP/2011_Djibouti_Drought_SCREEN.pdf,Transcribe the following page,13
http://docs.unocha.org/sites/dms/CAP/2011_Uganda_HP_SCREEN.pdf,Transcribe the following page,13
http://docs.unocha.org/sites/dms/CAP/2011_Kenya_EHRP.pdf,Transcribe the following page,13
http://docs.unocha.org/sites/dms/CAP/HAP_2011_DRC_FR_SCREEN.pdf,Transcribe the following page,13
http://docs.unocha.org/sites/dms/CAP/MYR_2010_Yemen_HRP_SCREEN.pdf,Transcribe the following page,13
http://docs.unocha.org/sites/dms/CAP/MYR_2010_Sri_Lanka_CHAP_SCREEN.pdf,Transcribe the following page,13
http://docs.unocha.org/sites/dms/CAP/MYR_2010_Pakistan.pdf,Transcribe the following page,13
http://docs.unocha.org/sites/dms/CAP/MYR_2010_Nepal_HTA_SCREEN.pdf,Transcribe the following page,13
http://docs.unocha.org/sites/dms/CAP/MYR_2010_Iraq_RRP_SCREEN.pdf,Transcribe the following page,13
http://docs.unocha.org/sites/dms/CAP/MYR_2010_Iraq_HAP_SCREEN.pdf,Transcribe the following page,13
http://docs.unocha.org/sites/dms/CAP/MYR_2010_Sudan_Workplan_SCREEN.pdf,Transcribe the following page,13
http://docs.unocha.org/sites/dms/CAP/MYR_2010_Kenya_EHRP_SCREEN.pdf,Transcribe the following page,13
http://docs.unocha.org/sites/dms/CAP/MYR_2010_DRC_HAP_FR_SCREEN.pdf,Transcribe the following page,13
http://docs.unocha.org/sites/dms/CAP/2010_Syria_DroughtResponsePlan_SCREEN.pdf,Transcribe the following page,13
http://docs.unocha.org/sites/dms/CAP/2010_Sudan_Workplan_SCREEN.pdf,Transcribe the following page,13
http://docs.unocha.org/sites/dms/CAP/2010_Yemen_HRP_SCREEN.pdf,Transcribe the following page,13
http://docs.unocha.org/sites/dms/CAP/2010_Sri_Lanka_CHAP.pdf,Transcribe the following page,13
http://docs.unocha.org/sites/dms/CAP/2010_Pakistan_PHRP_SCREEN.pdf,Transcribe the following page,13
http://docs.unocha.org/sites/dms/CAP/2010_Nepal_HTA_SCREEN.pdf,Transcribe the following page,13
http://docs.unocha.org/sites/dms/CAP/2010_Iraq_RRP_SCREEN.pdf,Transcribe the following page,13
http://docs.unocha.org/sites/dms/CAP/2010_Iraq_HAP_SCREEN.pdf,Transcribe the following page,13
http://docs.unocha.org/sites/dms/CAP/2010_Kenya_EHRP_SCREEN.pdf,Transcribe the following page,13
http://docs.unocha.org/sites/dms/CAP/HAP_2010_DRC_FR_SCREEN.pdf,Transcribe the following page,13
http://docs.unocha.org/sites/dms/CAP/2009_Syria_Drought_Response_Plan.pdf,Transcribe the following page,13
http://docs.unocha.org/sites/dms/CAP/2009_Syria_Drought_Response_Plan.doc,Transcribe the following page,13
http://docs.unocha.org/sites/dms/CAP/MYR_2009_Sri_Lanka_CHAP.pdf,Transcribe the following page,13
http://docs.unocha.org/sites/dms/CAP/MYR_2009_Sri_Lanka_CHAP.doc,Transcribe the following page,13
http://docs.unocha.org/sites/dms/CAP/CHAP_2009_Sri_Lanka.pdf,Transcribe the following page,13
http://docs.unocha.org/sites/dms/CAP/CHAP_2009_Sri_Lanka.doc,Transcribe the following page,13
http://docs.unocha.org/sites/dms/CAP/2006_Philippines_Typhoon.pdf,Transcribe the following page,13
http://docs.unocha.org/sites/dms/CAP/2006_Philippines_Typhoon.doc,Transcribe the following page,13
http://docs.unocha.org/sites/dms/CAP/UN-JEFA_2006_Somali_Regional_State.pdf,Transcribe the following page,13
http://docs.unocha.org/sites/dms/CAP/UN-JEFA_2006_Somali_Regional_State.doc,Transcribe the following page,13
http://docs.unocha.org/sites/dms/CAP/2006_AHI_ActionPlan.pdf,Transcribe the following page,13
http://docs.unocha.org/sites/dms/CAP/CHAP_2006_Sri_Lanka.pdf,Transcribe the following page,13
http://docs.unocha.org/sites/dms/CAP/CHAP_2006_Sri_Lanka.doc,Transcribe the following page,13
http://docs.unocha.org/sites/dms/CAP/2006_Gender_and_Cluster_Appeal.pdf,Transcribe the following page,13
http://docs.unocha.org/sites/dms/CAP/2006_Gender_and_Cluster_Appeal.doc,Transcribe the following page,13
http://docs.unocha.org/sites/dms/CAP/2006_Tajikistan_Earthquake.pdf,Transcribe the following page,13
http://docs.unocha.org/sites/dms/CAP/2006_Tajikistan_Earthquake.doc,Transcribe the following page,13
http://docs.unocha.org/sites/dms/CAP/Drought_2006_Afghanistan.pdf,Transcribe the following page,13
http://docs.unocha.org/sites/dms/CAP/Revision_2006_Cluster_Appeal.pdf,Transcribe the following page,13
http://docs.unocha.org/sites/dms/CAP/Revision_2006_Cluster_Appeal.doc,Transcribe the following page,13
http://docs.unocha.org/sites/dms/CAP/Revision_2006_Cluster_Appeal.pdf,Transcribe the following page,13
http://docs.unocha.org/sites/dms/CAP/Revision_2006_Cluster_Appeal.doc,Transcribe the following page,13
http://docs.unocha.org/sites/dms/CAP/Revision_2006_Cluster_Appeal.pdf,Transcribe the following page,13
http://docs.unocha.org/sites/dms/CAP/Revision_2006_Cluster_Appeal.doc,Transcribe the following page,13
http://docs.unocha.org/sites/dms/CAP/MYR_2006_Ethiopia.pdf,Transcribe the following page,13
http://docs.unocha.org/sites/dms/CAP/MYR_2006_Ethiopia.doc,Transcribe the following page,13
http://docs.unocha.org/sites/dms/CAP/2006_Cluster_Appeal.pdf,Transcribe the following page,13
http://docs.unocha.org/sites/dms/CAP/2006_Cluster_Appeal.doc,Transcribe the following page,13
http://docs.unocha.org/sites/dms/CAP/CAP_2006_Ethiopia.pdf,Transcribe the following page,13